resource,family,class,order,taxonName,taxonCommonName,differentFrom,endemicTo,conservationStatus,resourceLabel,familyLabel,classLabel,orderLabel,differentFromLabel,endemicToLabel,conservationStatusLabel
http://www.wikidata.org/entity/q140,http://www.wikidata.org/entity/q25265,"['http://www.wikidata.org/entity/q7377', 'http://www.wikidata.org/entity/q23809240']",http://www.wikidata.org/entity/q25306,,"['lion', 'african lion']",,,http://www.wikidata.org/entity/q278113,lion,felidae,"['mammal', 'dipnotetrapodomorpha']",carnivora,,,vulnerable
http://www.wikidata.org/entity/q500,http://www.wikidata.org/entity/q146030,,http://www.wikidata.org/entity/q26316,,,,,,citrus ×limon,rutaceae,,sapindales,,,
http://www.wikidata.org/entity/q18766,"['http://www.wikidata.org/entity/q17190971', 'http://www.wikidata.org/entity/q27589']","['http://www.wikidata.org/entity/q23809240', 'http://www.wikidata.org/entity/q10811', 'http://www.wikidata.org/entity/q5113']","['http://www.wikidata.org/entity/q25978', 'http://www.wikidata.org/entity/q186334', 'http://www.wikidata.org/entity/q430', 'http://www.wikidata.org/entity/q138921']",,african skimmer,,,http://www.wikidata.org/entity/q719675,african skimmer,"['rynchopidae', 'laridae']","['dipnotetrapodomorpha', 'reptilia', 'bird']","['charadriiformes', 'saurischia', 'dinosaur', 'avetheropoda']",,,near threatened
http://www.wikidata.org/entity/q18785,http://www.wikidata.org/entity/q25900,"['http://www.wikidata.org/entity/q7377', 'http://www.wikidata.org/entity/q23809240']",http://www.wikidata.org/entity/q25401,,"['sumatra short-eared rabbit', 'sumatran striped rabbit', 'sumatran rabbit', 'sumatran short-eared rabbit']",,,http://www.wikidata.org/entity/q3245245,sumatran striped rabbit,leporidae,"['mammal', 'dipnotetrapodomorpha']",lagomorpha,,,data deficient
http://www.wikidata.org/entity/q18818,http://www.wikidata.org/entity/q182968,"['http://www.wikidata.org/entity/q7377', 'http://www.wikidata.org/entity/q23809240']",http://www.wikidata.org/entity/q7380,,tonkin snub-nosed monkey,,,http://www.wikidata.org/entity/q219127,rhinopithecus avunculus,old world monkey,"['mammal', 'dipnotetrapodomorpha']",primate,,,critically endangered
http://www.wikidata.org/entity/q18825,http://www.wikidata.org/entity/q10856,"['http://www.wikidata.org/entity/q23809240', 'http://www.wikidata.org/entity/q10811', 'http://www.wikidata.org/entity/q5113']","['http://www.wikidata.org/entity/q28078', 'http://www.wikidata.org/entity/q186334', 'http://www.wikidata.org/entity/q430', 'http://www.wikidata.org/entity/q138921']",,ruddy cuckoo-dove,,,http://www.wikidata.org/entity/q211005,ruddy cuckoo-dove,columbidae,"['dipnotetrapodomorpha', 'reptilia', 'bird']","['columbiformes', 'saurischia', 'dinosaur', 'avetheropoda']",,,least concern
http://www.wikidata.org/entity/q18834,http://www.wikidata.org/entity/q27589,"['http://www.wikidata.org/entity/q23809240', 'http://www.wikidata.org/entity/q10811', 'http://www.wikidata.org/entity/q5113']","['http://www.wikidata.org/entity/q25978', 'http://www.wikidata.org/entity/q430', 'http://www.wikidata.org/entity/q186334', 'http://www.wikidata.org/entity/q138921']",,"['gull-billed tern', 'common gull-billed tern']",,"['http://www.wikidata.org/entity/q1850393', 'http://www.wikidata.org/entity/q4849475', 'http://www.wikidata.org/entity/q7260866', 'http://www.wikidata.org/entity/q7786671', 'http://www.wikidata.org/entity/q26793770', 'http://www.wikidata.org/entity/q105954409']",http://www.wikidata.org/entity/q211005,gull-billed tern,laridae,"['dipnotetrapodomorpha', 'reptilia', 'bird']","['charadriiformes', 'dinosaur', 'saurischia', 'avetheropoda']",,"['little rann of kutch', 'bakkhali', 'purbasthali', 'thol lake', 'sunderbans wildlife national park', 'asan conservation reserve']",least concern
http://www.wikidata.org/entity/q18835,http://www.wikidata.org/entity/q28449,"['http://www.wikidata.org/entity/q10811', 'http://www.wikidata.org/entity/q5113', 'http://www.wikidata.org/entity/q23809240']","['http://www.wikidata.org/entity/q430', 'http://www.wikidata.org/entity/q25978', 'http://www.wikidata.org/entity/q186334', 'http://www.wikidata.org/entity/q138921']",,"['black-bellied plover', 'grey plover']",,"['http://www.wikidata.org/entity/q1850393', 'http://www.wikidata.org/entity/q4849475', 'http://www.wikidata.org/entity/q14623377', 'http://www.wikidata.org/entity/q26793770']",http://www.wikidata.org/entity/q211005,grey plover,charadriidae,"['reptilia', 'bird', 'dipnotetrapodomorpha']","['dinosaur', 'charadriiformes', 'saurischia', 'avetheropoda']",,"['little rann of kutch', 'bakkhali', 'pani dihing wildlife sanctuary', 'sunderbans wildlife national park']",least concern
http://www.wikidata.org/entity/q18836,http://www.wikidata.org/entity/q205320,"['http://www.wikidata.org/entity/q5113', 'http://www.wikidata.org/entity/q10811', 'http://www.wikidata.org/entity/q23809240']","['http://www.wikidata.org/entity/q25978', 'http://www.wikidata.org/entity/q430', 'http://www.wikidata.org/entity/q186334', 'http://www.wikidata.org/entity/q138921']",,"['common buttonquail', 'andalusian hemipode', 'kurrichane buttonquail']",,,http://www.wikidata.org/entity/q211005,common buttonquail,buttonquail,"['bird', 'reptilia', 'dipnotetrapodomorpha']","['charadriiformes', 'dinosaur', 'saurischia', 'avetheropoda']",,,least concern
http://www.wikidata.org/entity/q18837,http://www.wikidata.org/entity/q26626,"['http://www.wikidata.org/entity/q23809240', 'http://www.wikidata.org/entity/q10811', 'http://www.wikidata.org/entity/q5113']","['http://www.wikidata.org/entity/q25978', 'http://www.wikidata.org/entity/q186334', 'http://www.wikidata.org/entity/q430', 'http://www.wikidata.org/entity/q138921']",,wood sandpiper,,,http://www.wikidata.org/entity/q211005,wood sandpiper,scolopacidae,"['dipnotetrapodomorpha', 'reptilia', 'bird']","['charadriiformes', 'saurischia', 'dinosaur', 'avetheropoda']",,,least concern
http://www.wikidata.org/entity/q18838,http://www.wikidata.org/entity/q26381,"['http://www.wikidata.org/entity/q5113', 'http://www.wikidata.org/entity/q10811', 'http://www.wikidata.org/entity/q23809240']","['http://www.wikidata.org/entity/q183364', 'http://www.wikidata.org/entity/q186334', 'http://www.wikidata.org/entity/q430', 'http://www.wikidata.org/entity/q138921']",,red-billed malkoha,,,http://www.wikidata.org/entity/q211005,red-billed malkoha,cuculidae,"['bird', 'reptilia', 'dipnotetrapodomorpha']","['cuculiformes', 'saurischia', 'dinosaur', 'avetheropoda']",,,least concern
http://www.wikidata.org/entity/q18839,http://www.wikidata.org/entity/q27589,"['http://www.wikidata.org/entity/q23809240', 'http://www.wikidata.org/entity/q10811', 'http://www.wikidata.org/entity/q5113']","['http://www.wikidata.org/entity/q25978', 'http://www.wikidata.org/entity/q430', 'http://www.wikidata.org/entity/q186334', 'http://www.wikidata.org/entity/q138921']",,lesser crested tern,,http://www.wikidata.org/entity/q1850393,http://www.wikidata.org/entity/q211005,lesser crested tern,laridae,"['dipnotetrapodomorpha', 'reptilia', 'bird']","['charadriiformes', 'dinosaur', 'saurischia', 'avetheropoda']",,little rann of kutch,least concern
http://www.wikidata.org/entity/q18840,http://www.wikidata.org/entity/q26626,"['http://www.wikidata.org/entity/q10811', 'http://www.wikidata.org/entity/q5113', 'http://www.wikidata.org/entity/q23809240']","['http://www.wikidata.org/entity/q430', 'http://www.wikidata.org/entity/q25978', 'http://www.wikidata.org/entity/q186334', 'http://www.wikidata.org/entity/q138921']",,"['common greenshank', 'greenshank']",,,http://www.wikidata.org/entity/q211005,common greenshank,scolopacidae,"['reptilia', 'bird', 'dipnotetrapodomorpha']","['dinosaur', 'charadriiformes', 'saurischia', 'avetheropoda']",,,least concern
http://www.wikidata.org/entity/q18841,http://www.wikidata.org/entity/q26626,"['http://www.wikidata.org/entity/q23809240', 'http://www.wikidata.org/entity/q10811', 'http://www.wikidata.org/entity/q5113']","['http://www.wikidata.org/entity/q25978', 'http://www.wikidata.org/entity/q186334', 'http://www.wikidata.org/entity/q430', 'http://www.wikidata.org/entity/q138921']",,black-tailed godwit,,,http://www.wikidata.org/entity/q719675,black-tailed godwit,scolopacidae,"['dipnotetrapodomorpha', 'reptilia', 'bird']","['charadriiformes', 'saurischia', 'dinosaur', 'avetheropoda']",,,near threatened
http://www.wikidata.org/entity/q18844,http://www.wikidata.org/entity/q27042,"['http://www.wikidata.org/entity/q10811', 'http://www.wikidata.org/entity/q23809240', 'http://www.wikidata.org/entity/q5113']","['http://www.wikidata.org/entity/q430', 'http://www.wikidata.org/entity/q186334', 'http://www.wikidata.org/entity/q25978', 'http://www.wikidata.org/entity/q138921']",,pied stilt,,,,pied stilt,recurvirostridae,"['reptilia', 'dipnotetrapodomorpha', 'bird']","['dinosaur', 'saurischia', 'charadriiformes', 'avetheropoda']",,,
http://www.wikidata.org/entity/q18845,http://www.wikidata.org/entity/q26381,"['http://www.wikidata.org/entity/q5113', 'http://www.wikidata.org/entity/q10811', 'http://www.wikidata.org/entity/q23809240']","['http://www.wikidata.org/entity/q183364', 'http://www.wikidata.org/entity/q186334', 'http://www.wikidata.org/entity/q430', 'http://www.wikidata.org/entity/q138921']",,"['common cuckoo', 'european cuckoo', 'cuckoo']",,,http://www.wikidata.org/entity/q211005,common cuckoo,cuculidae,"['bird', 'reptilia', 'dipnotetrapodomorpha']","['cuculiformes', 'saurischia', 'dinosaur', 'avetheropoda']",,,least concern
http://www.wikidata.org/entity/q18847,http://www.wikidata.org/entity/q26623,"['http://www.wikidata.org/entity/q23809240', 'http://www.wikidata.org/entity/q10811', 'http://www.wikidata.org/entity/q5113']","['http://www.wikidata.org/entity/q430', 'http://www.wikidata.org/entity/q25557', 'http://www.wikidata.org/entity/q186334', 'http://www.wikidata.org/entity/q138921']",,"['common moorhen', 'moorhen, common moorhen']",http://www.wikidata.org/entity/q4227407,,http://www.wikidata.org/entity/q211005,common moorhen,rallidae,"['dipnotetrapodomorpha', 'reptilia', 'bird']","['dinosaur', 'gruiformes', 'saurischia', 'avetheropoda']",kokoszka,,least concern
http://www.wikidata.org/entity/q18850,http://www.wikidata.org/entity/q26626,"['http://www.wikidata.org/entity/q10811', 'http://www.wikidata.org/entity/q5113', 'http://www.wikidata.org/entity/q23809240']","['http://www.wikidata.org/entity/q430', 'http://www.wikidata.org/entity/q25978', 'http://www.wikidata.org/entity/q186334', 'http://www.wikidata.org/entity/q138921']",,common sandpiper,,,http://www.wikidata.org/entity/q211005,common sandpiper,scolopacidae,"['reptilia', 'bird', 'dipnotetrapodomorpha']","['dinosaur', 'charadriiformes', 'saurischia', 'avetheropoda']",,,least concern
http://www.wikidata.org/entity/q18851,http://www.wikidata.org/entity/q28449,"['http://www.wikidata.org/entity/q23809240', 'http://www.wikidata.org/entity/q10811', 'http://www.wikidata.org/entity/q5113']","['http://www.wikidata.org/entity/q25978', 'http://www.wikidata.org/entity/q430', 'http://www.wikidata.org/entity/q186334', 'http://www.wikidata.org/entity/q138921']",,little ringed plover,,"['http://www.wikidata.org/entity/q192764', 'http://www.wikidata.org/entity/q1850393', 'http://www.wikidata.org/entity/q2720864', 'http://www.wikidata.org/entity/q105954409']",http://www.wikidata.org/entity/q211005,little ringed plover,charadriidae,"['dipnotetrapodomorpha', 'reptilia', 'bird']","['charadriiformes', 'dinosaur', 'saurischia', 'avetheropoda']",,"['kaziranga national park', 'little rann of kutch', 'pench national park', 'asan conservation reserve']",least concern
http://www.wikidata.org/entity/q18854,http://www.wikidata.org/entity/q26626,"['http://www.wikidata.org/entity/q5113', 'http://www.wikidata.org/entity/q10811', 'http://www.wikidata.org/entity/q23809240']","['http://www.wikidata.org/entity/q25978', 'http://www.wikidata.org/entity/q430', 'http://www.wikidata.org/entity/q186334', 'http://www.wikidata.org/entity/q138921']",,"['eurasian curlew', 'curlew, eurasian curlew', 'curlew']",,,http://www.wikidata.org/entity/q719675,eurasian curlew,scolopacidae,"['bird', 'reptilia', 'dipnotetrapodomorpha']","['charadriiformes', 'dinosaur', 'saurischia', 'avetheropoda']",,,near threatened
http://www.wikidata.org/entity/q18855,http://www.wikidata.org/entity/q28449,"['http://www.wikidata.org/entity/q23809240', 'http://www.wikidata.org/entity/q10811', 'http://www.wikidata.org/entity/q5113']","['http://www.wikidata.org/entity/q186334', 'http://www.wikidata.org/entity/q25978', 'http://www.wikidata.org/entity/q430', 'http://www.wikidata.org/entity/q138921']",,kentish plover,,,http://www.wikidata.org/entity/q211005,kentish plover,charadriidae,"['dipnotetrapodomorpha', 'reptilia', 'bird']","['saurischia', 'charadriiformes', 'dinosaur', 'avetheropoda']",,,least concern
http://www.wikidata.org/entity/q18856,http://www.wikidata.org/entity/q26626,"['http://www.wikidata.org/entity/q10811', 'http://www.wikidata.org/entity/q5113', 'http://www.wikidata.org/entity/q23809240']","['http://www.wikidata.org/entity/q430', 'http://www.wikidata.org/entity/q25978', 'http://www.wikidata.org/entity/q186334', 'http://www.wikidata.org/entity/q138921']",,terek sandpiper,,"['http://www.wikidata.org/entity/q532440', 'http://www.wikidata.org/entity/q1850393', 'http://www.wikidata.org/entity/q7260866', 'http://www.wikidata.org/entity/q4849475', 'http://www.wikidata.org/entity/q26793770', 'http://www.wikidata.org/entity/q105954409']",http://www.wikidata.org/entity/q211005,terek sandpiper,scolopacidae,"['reptilia', 'bird', 'dipnotetrapodomorpha']","['dinosaur', 'charadriiformes', 'saurischia', 'avetheropoda']",,"['sundarbans national park', 'little rann of kutch', 'purbasthali', 'bakkhali', 'sunderbans wildlife national park', 'asan conservation reserve']",least concern
http://www.wikidata.org/entity/q18857,http://www.wikidata.org/entity/q28449,"['http://www.wikidata.org/entity/q5113', 'http://www.wikidata.org/entity/q10811', 'http://www.wikidata.org/entity/q23809240']","['http://www.wikidata.org/entity/q25978', 'http://www.wikidata.org/entity/q186334', 'http://www.wikidata.org/entity/q430', 'http://www.wikidata.org/entity/q138921']",,"['greater sandplover', 'greater sand plover', 'greater sand-plover', 'large sand dotterel']",,"['http://www.wikidata.org/entity/q1850393', 'http://www.wikidata.org/entity/q2639563', 'http://www.wikidata.org/entity/q4849475', 'http://www.wikidata.org/entity/q7260866', 'http://www.wikidata.org/entity/q26793770']",http://www.wikidata.org/entity/q211005,greater sand plover,charadriidae,"['bird', 'reptilia', 'dipnotetrapodomorpha']","['charadriiformes', 'saurischia', 'dinosaur', 'avetheropoda']",,"['little rann of kutch', 'tadoba-andhari tiger reserve', 'bakkhali', 'purbasthali', 'sunderbans wildlife national park']",least concern
http://www.wikidata.org/entity/q18858,http://www.wikidata.org/entity/q26626,"['http://www.wikidata.org/entity/q23809240', 'http://www.wikidata.org/entity/q10811', 'http://www.wikidata.org/entity/q5113']","['http://www.wikidata.org/entity/q25978', 'http://www.wikidata.org/entity/q186334', 'http://www.wikidata.org/entity/q430', 'http://www.wikidata.org/entity/q138921']",,"['eurasian whimbrel', 'whimbrel']",,"['http://www.wikidata.org/entity/q1850393', 'http://www.wikidata.org/entity/q4849475', 'http://www.wikidata.org/entity/q26793770']",http://www.wikidata.org/entity/q211005,whimbrel,scolopacidae,"['dipnotetrapodomorpha', 'reptilia', 'bird']","['charadriiformes', 'saurischia', 'dinosaur', 'avetheropoda']",,"['little rann of kutch', 'bakkhali', 'sunderbans wildlife national park']",least concern
http://www.wikidata.org/entity/q18859,http://www.wikidata.org/entity/q26626,"['http://www.wikidata.org/entity/q10811', 'http://www.wikidata.org/entity/q5113', 'http://www.wikidata.org/entity/q23809240']","['http://www.wikidata.org/entity/q430', 'http://www.wikidata.org/entity/q25978', 'http://www.wikidata.org/entity/q186334', 'http://www.wikidata.org/entity/q138921']",,"['redshank', 'common redshank']",,,http://www.wikidata.org/entity/q211005,common redshank,scolopacidae,"['reptilia', 'bird', 'dipnotetrapodomorpha']","['dinosaur', 'charadriiformes', 'saurischia', 'avetheropoda']",,,least concern
http://www.wikidata.org/entity/q18860,http://www.wikidata.org/entity/q26626,"['http://www.wikidata.org/entity/q5113', 'http://www.wikidata.org/entity/q23809240', 'http://www.wikidata.org/entity/q10811']","['http://www.wikidata.org/entity/q25978', 'http://www.wikidata.org/entity/q186334', 'http://www.wikidata.org/entity/q430', 'http://www.wikidata.org/entity/q138921']",,"['red-necked stint', 'rufous-necked stint']",,,http://www.wikidata.org/entity/q719675,red-necked stint,scolopacidae,"['bird', 'dipnotetrapodomorpha', 'reptilia']","['charadriiformes', 'saurischia', 'dinosaur', 'avetheropoda']",,,near threatened
http://www.wikidata.org/entity/q18861,http://www.wikidata.org/entity/q212929,"['http://www.wikidata.org/entity/q5113', 'http://www.wikidata.org/entity/q23809240', 'http://www.wikidata.org/entity/q10811']","['http://www.wikidata.org/entity/q25978', 'http://www.wikidata.org/entity/q186334', 'http://www.wikidata.org/entity/q430', 'http://www.wikidata.org/entity/q138921']",,pheasant-tailed jacana,,,http://www.wikidata.org/entity/q211005,pheasant-tailed jacana,jacanidae,"['bird', 'dipnotetrapodomorpha', 'reptilia']","['charadriiformes', 'saurischia', 'dinosaur', 'avetheropoda']",,,least concern
http://www.wikidata.org/entity/q18864,http://www.wikidata.org/entity/q26626,"['http://www.wikidata.org/entity/q10811', 'http://www.wikidata.org/entity/q23809240', 'http://www.wikidata.org/entity/q5113']","['http://www.wikidata.org/entity/q186334', 'http://www.wikidata.org/entity/q25978', 'http://www.wikidata.org/entity/q430', 'http://www.wikidata.org/entity/q138921']",,bar-tailed godwit,,"['http://www.wikidata.org/entity/q4849475', 'http://www.wikidata.org/entity/q26793770']",http://www.wikidata.org/entity/q719675,bar-tailed godwit,scolopacidae,"['reptilia', 'dipnotetrapodomorpha', 'bird']","['saurischia', 'charadriiformes', 'dinosaur', 'avetheropoda']",,"['bakkhali', 'sunderbans wildlife national park']",near threatened
http://www.wikidata.org/entity/q18865,http://www.wikidata.org/entity/q28449,"['http://www.wikidata.org/entity/q10811', 'http://www.wikidata.org/entity/q5113', 'http://www.wikidata.org/entity/q23809240']","['http://www.wikidata.org/entity/q430', 'http://www.wikidata.org/entity/q25978', 'http://www.wikidata.org/entity/q186334', 'http://www.wikidata.org/entity/q138921']",,pacific golden plover,,"['http://www.wikidata.org/entity/q192764', 'http://www.wikidata.org/entity/q1209353', 'http://www.wikidata.org/entity/q506511', 'http://www.wikidata.org/entity/q1815612', 'http://www.wikidata.org/entity/q1850393', 'http://www.wikidata.org/entity/q2723560', 'http://www.wikidata.org/entity/q4849475', 'http://www.wikidata.org/entity/q2989176', 'http://www.wikidata.org/entity/q7260866', 'http://www.wikidata.org/entity/q5252276', 'http://www.wikidata.org/entity/q26793770', 'http://www.wikidata.org/entity/q7786671', 'http://www.wikidata.org/entity/q4903011', 'http://www.wikidata.org/entity/q60745222', 'http://www.wikidata.org/entity/q28180176', 'http://www.wikidata.org/entity/q97273801', 'http://www.wikidata.org/entity/q102074431', 'http://www.wikidata.org/entity/q106557962', 'http://www.wikidata.org/entity/q106558419']",http://www.wikidata.org/entity/q211005,pacific golden plover,charadriidae,"['reptilia', 'bird', 'dipnotetrapodomorpha']","['dinosaur', 'charadriiformes', 'saurischia', 'avetheropoda']",,"['kaziranga national park', 'dibru-saikhowa national park', 'manas national park', 'namdapha national park', 'little rann of kutch', 'nal sarovar bird sanctuary', 'bakkhali', 'orang national park', 'purbasthali', 'dehing patkai national park', 'sunderbans wildlife national park', 'thol lake', 'bibhutibhushan wildlife sanctuary', 'bandhi', 'mukutmanipur dam', 'gajoldoba', 'maguri motapung beel', 'kokilamukh beel', 'panbari reserve forest']",least concern
http://www.wikidata.org/entity/q18866,http://www.wikidata.org/entity/q27589,"['http://www.wikidata.org/entity/q5113', 'http://www.wikidata.org/entity/q23809240', 'http://www.wikidata.org/entity/q10811']","['http://www.wikidata.org/entity/q25978', 'http://www.wikidata.org/entity/q186334', 'http://www.wikidata.org/entity/q430', 'http://www.wikidata.org/entity/q138921']",,"['great crested-tern', 'greater crested tern', 'swift tern', 'great crested tern', 'crested tern']",,,http://www.wikidata.org/entity/q211005,greater crested tern,laridae,"['bird', 'dipnotetrapodomorpha', 'reptilia']","['charadriiformes', 'saurischia', 'dinosaur', 'avetheropoda']",,,least concern
http://www.wikidata.org/entity/q18867,http://www.wikidata.org/entity/q46360,"['http://www.wikidata.org/entity/q23809240', 'http://www.wikidata.org/entity/q10811']",http://www.wikidata.org/entity/q223044,,"['brazilian giant tortoise', 'south american yellow-footed tortoise', 'yellow-footed tortoise', 'forest tortoise', 'south american tortoise']",,,http://www.wikidata.org/entity/q278113,chelonoidis denticulata,testudinidae,"['dipnotetrapodomorpha', 'reptilia']",turtle,,,vulnerable
http://www.wikidata.org/entity/q18873,http://www.wikidata.org/entity/q18885,http://www.wikidata.org/entity/q182978,http://www.wikidata.org/entity/q206338,,,,,,cymothoa exigua,cymothoidae,malacostraca,isopoda,,,
http://www.wikidata.org/entity/q18875,"['http://www.wikidata.org/entity/q875769', 'http://www.wikidata.org/entity/q27589']","['http://www.wikidata.org/entity/q10811', 'http://www.wikidata.org/entity/q5113', 'http://www.wikidata.org/entity/q23809240']","['http://www.wikidata.org/entity/q430', 'http://www.wikidata.org/entity/q25978', 'http://www.wikidata.org/entity/q186334', 'http://www.wikidata.org/entity/q138921']",,common tern,,"['http://www.wikidata.org/entity/q1651774', 'http://www.wikidata.org/entity/q4849475', 'http://www.wikidata.org/entity/q7260866', 'http://www.wikidata.org/entity/q26793770', 'http://www.wikidata.org/entity/q105964828', 'http://www.wikidata.org/entity/q106432462']",http://www.wikidata.org/entity/q211005,common tern,"['sterninae', 'laridae']","['reptilia', 'bird', 'dipnotetrapodomorpha']","['dinosaur', 'charadriiformes', 'saurischia', 'avetheropoda']",,"['rabindra sarobar', 'bakkhali', 'purbasthali', 'sunderbans wildlife national park', 'santragachi jheel', 'baidyabati dvc canal']",least concern
http://www.wikidata.org/entity/q18876,http://www.wikidata.org/entity/q26626,"['http://www.wikidata.org/entity/q10811', 'http://www.wikidata.org/entity/q5113', 'http://www.wikidata.org/entity/q23809240']","['http://www.wikidata.org/entity/q430', 'http://www.wikidata.org/entity/q25978', 'http://www.wikidata.org/entity/q186334', 'http://www.wikidata.org/entity/q138921']",,great knot,,"['http://www.wikidata.org/entity/q4849475', 'http://www.wikidata.org/entity/q7260866']",http://www.wikidata.org/entity/q11394,great knot,scolopacidae,"['reptilia', 'bird', 'dipnotetrapodomorpha']","['dinosaur', 'charadriiformes', 'saurischia', 'avetheropoda']",,"['bakkhali', 'purbasthali']",endangered
http://www.wikidata.org/entity/q18880,http://www.wikidata.org/entity/q187014,"['http://www.wikidata.org/entity/q23809240', 'http://www.wikidata.org/entity/q10811', 'http://www.wikidata.org/entity/q5113']","['http://www.wikidata.org/entity/q25341', 'http://www.wikidata.org/entity/q430', 'http://www.wikidata.org/entity/q186334', 'http://www.wikidata.org/entity/q138921']",,"['silver-eared mesia', 'silver-eared leiothrix']",,"['http://www.wikidata.org/entity/q506511', 'http://www.wikidata.org/entity/q1815612', 'http://www.wikidata.org/entity/q839046', 'http://www.wikidata.org/entity/q2985193', 'http://www.wikidata.org/entity/q2340037', 'http://www.wikidata.org/entity/q2985788', 'http://www.wikidata.org/entity/q3471771', 'http://www.wikidata.org/entity/q2989157', 'http://www.wikidata.org/entity/q5252276', 'http://www.wikidata.org/entity/q6875597', 'http://www.wikidata.org/entity/q7125480', 'http://www.wikidata.org/entity/q5073423', 'http://www.wikidata.org/entity/q7161579', 'http://www.wikidata.org/entity/q7081983', 'http://www.wikidata.org/entity/q7310056', 'http://www.wikidata.org/entity/q15243705', 'http://www.wikidata.org/entity/q16895017', 'http://www.wikidata.org/entity/q22231355', 'http://www.wikidata.org/entity/q41166193', 'http://www.wikidata.org/entity/q105741437', 'http://www.wikidata.org/entity/q28173945']",http://www.wikidata.org/entity/q211005,leiothrix argentauris,sylviidae,"['dipnotetrapodomorpha', 'reptilia', 'bird']","['passeriformes', 'dinosaur', 'saurischia', 'avetheropoda']",,"['manas national park', 'namdapha national park', 'yuksom', 'singalila national park', 'buxa tiger reserve', 'neora valley national park', 'eaglenest wildlife sanctuary', 'nameri national park', 'dehing patkai national park', 'mishmi hills', 'pakhui tiger reserve', 'chapramari wildlife sanctuary', 'pelling', 'okhrey', 'reiek', 'mahananda wildlife sanctuary', 'mehao wildlife sanctuary', 'kamlang wildlife sanctuary', 'dzuleke', 'jeypore reserve forest', 'khonoma nature conservation and tragopan sanctuary']",least concern
http://www.wikidata.org/entity/q18922,http://www.wikidata.org/entity/q26381,"['http://www.wikidata.org/entity/q10811', 'http://www.wikidata.org/entity/q5113', 'http://www.wikidata.org/entity/q23809240']","['http://www.wikidata.org/entity/q430', 'http://www.wikidata.org/entity/q183364', 'http://www.wikidata.org/entity/q186334', 'http://www.wikidata.org/entity/q138921']",,thick-billed cuckoo,,,http://www.wikidata.org/entity/q211005,thick-billed cuckoo,cuculidae,"['reptilia', 'bird', 'dipnotetrapodomorpha']","['dinosaur', 'cuculiformes', 'saurischia', 'avetheropoda']",,,least concern
http://www.wikidata.org/entity/q18923,http://www.wikidata.org/entity/q26381,"['http://www.wikidata.org/entity/q5113', 'http://www.wikidata.org/entity/q10811', 'http://www.wikidata.org/entity/q23809240']","['http://www.wikidata.org/entity/q183364', 'http://www.wikidata.org/entity/q186334', 'http://www.wikidata.org/entity/q430', 'http://www.wikidata.org/entity/q138921']",,mangrove cuckoo,,,http://www.wikidata.org/entity/q211005,mangrove cuckoo,cuculidae,"['bird', 'reptilia', 'dipnotetrapodomorpha']","['cuculiformes', 'saurischia', 'dinosaur', 'avetheropoda']",,,least concern
http://www.wikidata.org/entity/q18926,http://www.wikidata.org/entity/q26381,"['http://www.wikidata.org/entity/q5113', 'http://www.wikidata.org/entity/q10811', 'http://www.wikidata.org/entity/q23809240']","['http://www.wikidata.org/entity/q183364', 'http://www.wikidata.org/entity/q186334', 'http://www.wikidata.org/entity/q430', 'http://www.wikidata.org/entity/q138921']",,"['great lizard cuckoo', 'cuban lizard-cuckoo']",,,http://www.wikidata.org/entity/q211005,great lizard cuckoo,cuculidae,"['bird', 'reptilia', 'dipnotetrapodomorpha']","['cuculiformes', 'saurischia', 'dinosaur', 'avetheropoda']",,,least concern
http://www.wikidata.org/entity/q18928,http://www.wikidata.org/entity/q185230,"['http://www.wikidata.org/entity/q23809240', 'http://www.wikidata.org/entity/q7377']",http://www.wikidata.org/entity/q28425,,seychelles flying fox,,http://www.wikidata.org/entity/q1042,http://www.wikidata.org/entity/q211005,pteropus seychellensis,pteropodidae,"['dipnotetrapodomorpha', 'mammal']",chiroptera,,seychelles,least concern
http://www.wikidata.org/entity/q18929,http://www.wikidata.org/entity/q185230,"['http://www.wikidata.org/entity/q23809240', 'http://www.wikidata.org/entity/q7377']",http://www.wikidata.org/entity/q28425,,"['malagasy flying fox', 'madagascan flying fox', 'madagascar flying-fox', 'madagascar fruit bat']",,,http://www.wikidata.org/entity/q278113,pteropus rufus,pteropodidae,"['dipnotetrapodomorpha', 'mammal']",chiroptera,,,vulnerable
http://www.wikidata.org/entity/q18956,http://www.wikidata.org/entity/q26381,"['http://www.wikidata.org/entity/q10811', 'http://www.wikidata.org/entity/q23809240', 'http://www.wikidata.org/entity/q5113']","['http://www.wikidata.org/entity/q183364', 'http://www.wikidata.org/entity/q430', 'http://www.wikidata.org/entity/q138921', 'http://www.wikidata.org/entity/q186334']",,"['african emerald cuckoo', 'emerald cuckoo']",,,http://www.wikidata.org/entity/q211005,african emerald cuckoo,cuculidae,"['reptilia', 'dipnotetrapodomorpha', 'bird']","['cuculiformes', 'dinosaur', 'avetheropoda', 'saurischia']",,,least concern
http://www.wikidata.org/entity/q18958,http://www.wikidata.org/entity/q26381,"['http://www.wikidata.org/entity/q23809240', 'http://www.wikidata.org/entity/q10811', 'http://www.wikidata.org/entity/q5113']","['http://www.wikidata.org/entity/q183364', 'http://www.wikidata.org/entity/q430', 'http://www.wikidata.org/entity/q186334', 'http://www.wikidata.org/entity/q138921']",,"['puerto rican lizard-cuckoo', 'puerto rican lizard cuckoo']",,,http://www.wikidata.org/entity/q211005,puerto rican lizard cuckoo,cuculidae,"['dipnotetrapodomorpha', 'reptilia', 'bird']","['cuculiformes', 'dinosaur', 'saurischia', 'avetheropoda']",,,least concern
http://www.wikidata.org/entity/q18969,http://www.wikidata.org/entity/q26050,"['http://www.wikidata.org/entity/q23809240', 'http://www.wikidata.org/entity/q10811', 'http://www.wikidata.org/entity/q5113']","['http://www.wikidata.org/entity/q430', 'http://www.wikidata.org/entity/q25341', 'http://www.wikidata.org/entity/q186334', 'http://www.wikidata.org/entity/q138921']",,"['bicknell’s thrush', ""bicknell's thrush""]",,,http://www.wikidata.org/entity/q278113,bicknell's thrush,thrush,"['dipnotetrapodomorpha', 'reptilia', 'bird']","['dinosaur', 'passeriformes', 'saurischia', 'avetheropoda']",,,vulnerable
http://www.wikidata.org/entity/q18972,http://www.wikidata.org/entity/q162085,"['http://www.wikidata.org/entity/q23809240', 'http://www.wikidata.org/entity/q10811', 'http://www.wikidata.org/entity/q5113']","['http://www.wikidata.org/entity/q19338', 'http://www.wikidata.org/entity/q430', 'http://www.wikidata.org/entity/q186334', 'http://www.wikidata.org/entity/q138921']",,"['réunion flightless ibis', 'reunion ibis', 'réunion solitaire', 'réunion ibis']",,http://www.wikidata.org/entity/q17070,http://www.wikidata.org/entity/q237350,réunion ibis,ibises and spoonbills,"['dipnotetrapodomorpha', 'reptilia', 'bird']","['pelecaniformes', 'dinosaur', 'saurischia', 'avetheropoda']",,réunion,extinct species
http://www.wikidata.org/entity/q18987,http://www.wikidata.org/entity/q205323,"['http://www.wikidata.org/entity/q10811', 'http://www.wikidata.org/entity/q23809240', 'http://www.wikidata.org/entity/q5113']","['http://www.wikidata.org/entity/q186334', 'http://www.wikidata.org/entity/q430', 'http://www.wikidata.org/entity/q25978', 'http://www.wikidata.org/entity/q138921']",,"['southern skua', 'brown skua']",,,,brown skua,stercorariidae,"['reptilia', 'dipnotetrapodomorpha', 'bird']","['saurischia', 'dinosaur', 'charadriiformes', 'avetheropoda']",,,
http://www.wikidata.org/entity/q19027,http://www.wikidata.org/entity/q26381,"['http://www.wikidata.org/entity/q10811', 'http://www.wikidata.org/entity/q5113', 'http://www.wikidata.org/entity/q23809240']","['http://www.wikidata.org/entity/q430', 'http://www.wikidata.org/entity/q183364', 'http://www.wikidata.org/entity/q186334', 'http://www.wikidata.org/entity/q138921']",,black-billed cuckoo,,,http://www.wikidata.org/entity/q211005,black-billed cuckoo,cuculidae,"['reptilia', 'bird', 'dipnotetrapodomorpha']","['dinosaur', 'cuculiformes', 'saurischia', 'avetheropoda']",,,least concern
http://www.wikidata.org/entity/q19055,http://www.wikidata.org/entity/q26375,"['http://www.wikidata.org/entity/q10811', 'http://www.wikidata.org/entity/q5113', 'http://www.wikidata.org/entity/q23809240']","['http://www.wikidata.org/entity/q430', 'http://www.wikidata.org/entity/q21659', 'http://www.wikidata.org/entity/q186334', 'http://www.wikidata.org/entity/q138921']",,white-tailed ptarmigan,,,http://www.wikidata.org/entity/q211005,white-tailed ptarmigan,phasianidae,"['reptilia', 'bird', 'dipnotetrapodomorpha']","['dinosaur', 'galliformes', 'saurischia', 'avetheropoda']",,,least concern
http://www.wikidata.org/entity/q19056,http://www.wikidata.org/entity/q26375,"['http://www.wikidata.org/entity/q23809240', 'http://www.wikidata.org/entity/q10811', 'http://www.wikidata.org/entity/q5113']","['http://www.wikidata.org/entity/q430', 'http://www.wikidata.org/entity/q138921', 'http://www.wikidata.org/entity/q186334', 'http://www.wikidata.org/entity/q21659']",,spruce grouse,,,http://www.wikidata.org/entity/q211005,spruce grouse,phasianidae,"['dipnotetrapodomorpha', 'reptilia', 'bird']","['dinosaur', 'avetheropoda', 'saurischia', 'galliformes']",,,least concern
http://www.wikidata.org/entity/q19058,http://www.wikidata.org/entity/q26375,"['http://www.wikidata.org/entity/q10811', 'http://www.wikidata.org/entity/q23809240', 'http://www.wikidata.org/entity/q5113']","['http://www.wikidata.org/entity/q186334', 'http://www.wikidata.org/entity/q21659', 'http://www.wikidata.org/entity/q430', 'http://www.wikidata.org/entity/q138921']",,ruffed grouse,,,http://www.wikidata.org/entity/q211005,ruffed grouse,phasianidae,"['reptilia', 'dipnotetrapodomorpha', 'bird']","['saurischia', 'galliformes', 'dinosaur', 'avetheropoda']",,,least concern
http://www.wikidata.org/entity/q19068,http://www.wikidata.org/entity/q26375,"['http://www.wikidata.org/entity/q23809240', 'http://www.wikidata.org/entity/q10811', 'http://www.wikidata.org/entity/q5113']","['http://www.wikidata.org/entity/q430', 'http://www.wikidata.org/entity/q138921', 'http://www.wikidata.org/entity/q186334', 'http://www.wikidata.org/entity/q21659']",,sharp-tailed grouse,,,http://www.wikidata.org/entity/q211005,sharp-tailed grouse,phasianidae,"['dipnotetrapodomorpha', 'reptilia', 'bird']","['dinosaur', 'avetheropoda', 'saurischia', 'galliformes']",,,least concern
http://www.wikidata.org/entity/q19075,http://www.wikidata.org/entity/q45556,"['http://www.wikidata.org/entity/q23809240', 'http://www.wikidata.org/entity/q10811']",http://www.wikidata.org/entity/q122422,,rosy boa,,,http://www.wikidata.org/entity/q211005,rosy boa,boidae,"['dipnotetrapodomorpha', 'reptilia']",squamata,,,least concern
http://www.wikidata.org/entity/q19129,http://www.wikidata.org/entity/q18001601,"['http://www.wikidata.org/entity/q19105', 'http://www.wikidata.org/entity/q19430', 'http://www.wikidata.org/entity/q1358']","['http://www.wikidata.org/entity/q19430', 'http://www.wikidata.org/entity/q15220643', 'http://www.wikidata.org/entity/q21076290']",,,,,,plesiosiro madeleyi,plesiosironidae,"['merostomata', 'xiphosura', 'arachnida']","['xiphosura', 'xiphosurida', 'haptopoda']",,,
http://www.wikidata.org/entity/q19486,http://www.wikidata.org/entity/q182968,"['http://www.wikidata.org/entity/q23809240', 'http://www.wikidata.org/entity/q7377']",http://www.wikidata.org/entity/q7380,,"['blackish-green guenon', 'allen’s swamp monkey', ""allen's swamp monkey""]",,,http://www.wikidata.org/entity/q211005,allen's swamp monkey,old world monkey,"['dipnotetrapodomorpha', 'mammal']",primate,,,least concern
http://www.wikidata.org/entity/q19537,http://www.wikidata.org/entity/q635162,"['http://www.wikidata.org/entity/q23809240', 'http://www.wikidata.org/entity/q7377']",http://www.wikidata.org/entity/q7380,,"['pygmy chimpanzee', 'gracile chimpanzee', 'dwarf chimpazee', 'bonobo']",http://www.wikidata.org/entity/q707967,,http://www.wikidata.org/entity/q11394,bonobo,hominidae,"['dipnotetrapodomorpha', 'mammal']",primate,bonobo,,endangered
http://www.wikidata.org/entity/q19551,http://www.wikidata.org/entity/q26375,"['http://www.wikidata.org/entity/q10811', 'http://www.wikidata.org/entity/q5113', 'http://www.wikidata.org/entity/q23809240']","['http://www.wikidata.org/entity/q430', 'http://www.wikidata.org/entity/q21659', 'http://www.wikidata.org/entity/q186334', 'http://www.wikidata.org/entity/q138921']",,"['lesser prairie-chicken', 'lesser prairie chicken']",,,http://www.wikidata.org/entity/q278113,lesser prairie chicken,phasianidae,"['reptilia', 'bird', 'dipnotetrapodomorpha']","['dinosaur', 'galliformes', 'saurischia', 'avetheropoda']",,,vulnerable
http://www.wikidata.org/entity/q19555,http://www.wikidata.org/entity/q211670,"['http://www.wikidata.org/entity/q10811', 'http://www.wikidata.org/entity/q23809240', 'http://www.wikidata.org/entity/q5113']","['http://www.wikidata.org/entity/q186334', 'http://www.wikidata.org/entity/q430', 'http://www.wikidata.org/entity/q25341', 'http://www.wikidata.org/entity/q138921']",,"[""kaua'i 'o'o"", 'kauai oo']",,http://www.wikidata.org/entity/q201026,http://www.wikidata.org/entity/q237350,kauaʻi ʻōʻō,meliphagidae,"['reptilia', 'dipnotetrapodomorpha', 'bird']","['saurischia', 'dinosaur', 'passeriformes', 'avetheropoda']",,kauai,extinct species
http://www.wikidata.org/entity/q19630,http://www.wikidata.org/entity/q26375,"['http://www.wikidata.org/entity/q5113', 'http://www.wikidata.org/entity/q10811', 'http://www.wikidata.org/entity/q23809240']","['http://www.wikidata.org/entity/q21659', 'http://www.wikidata.org/entity/q430', 'http://www.wikidata.org/entity/q186334', 'http://www.wikidata.org/entity/q138921']",,"['greater prairie-chicken', 'greater prairie chicken']",,,http://www.wikidata.org/entity/q719675,greater prairie chicken,phasianidae,"['bird', 'reptilia', 'dipnotetrapodomorpha']","['galliformes', 'dinosaur', 'saurischia', 'avetheropoda']",,,near threatened
http://www.wikidata.org/entity/q19733,http://www.wikidata.org/entity/q557221,http://www.wikidata.org/entity/q133144,http://www.wikidata.org/entity/q206636,,,,,,tremella mesenterica,tremellaceae,tremellomycetes,tremellales,,,
http://www.wikidata.org/entity/q19737,http://www.wikidata.org/entity/q979490,http://www.wikidata.org/entity/q27720,http://www.wikidata.org/entity/q219143,,bearded tooth,,,http://www.wikidata.org/entity/q211005,hericium erinaceus,hericiaceae,agaricomycetes,russulales,,,least concern
http://www.wikidata.org/entity/q19740,http://www.wikidata.org/entity/q899266,http://www.wikidata.org/entity/q27720,http://www.wikidata.org/entity/q659629,,cep,,,http://www.wikidata.org/entity/q211005,boletus edulis,boletaceae,agaricomycetes,boletales,,,least concern
http://www.wikidata.org/entity/q19939,http://www.wikidata.org/entity/q25265,"['http://www.wikidata.org/entity/q23809240', 'http://www.wikidata.org/entity/q7377']",http://www.wikidata.org/entity/q25306,,tiger,http://www.wikidata.org/entity/q190918,,http://www.wikidata.org/entity/q11394,tiger,felidae,"['dipnotetrapodomorpha', 'mammal']",carnivora,four asian tigers,,endangered
http://www.wikidata.org/entity/q20595,http://www.wikidata.org/entity/q1429304,"['http://www.wikidata.org/entity/q19105', 'http://www.wikidata.org/entity/q19430', 'http://www.wikidata.org/entity/q1358']","['http://www.wikidata.org/entity/q19430', 'http://www.wikidata.org/entity/q10304508', 'http://www.wikidata.org/entity/q15220643']",,,,,,sheep tick,ixodidae,"['merostomata', 'xiphosura', 'arachnida']","['xiphosura', 'ixodida', 'xiphosurida']",,,
http://www.wikidata.org/entity/q20640,http://www.wikidata.org/entity/q5878611,http://www.wikidata.org/entity/q1422487,http://www.wikidata.org/entity/q1138673,,,,,http://www.wikidata.org/entity/q278113,ambuchanania leucobryoides,sphagnaceae,sphagnopsida,sphagnales,,,vulnerable
http://www.wikidata.org/entity/q20693,http://www.wikidata.org/entity/q228241,http://www.wikidata.org/entity/q1390,http://www.wikidata.org/entity/q25312,,,,,,dark giant horsefly,tabanidae,insect,diptera,,,
http://www.wikidata.org/entity/q20747,http://www.wikidata.org/entity/q7618284,http://www.wikidata.org/entity/q1390,http://www.wikidata.org/entity/q167810,,meadow grasshopper,,,,meadow grasshopper,acrididae,insect,orthoptera,,,
http://www.wikidata.org/entity/q20778,http://www.wikidata.org/entity/q25400,,http://www.wikidata.org/entity/q21730,,corn chamomile,,,,anthemis arvensis,asteraceae,,asterales,,,
http://www.wikidata.org/entity/q20799,http://www.wikidata.org/entity/q25308,,http://www.wikidata.org/entity/q26229,,,,,,ambrella longituba,orchidaceae,,asparagales,,,
http://www.wikidata.org/entity/q20848,http://www.wikidata.org/entity/q25308,,http://www.wikidata.org/entity/q26229,,african ansellia,,,http://www.wikidata.org/entity/q278113,ansellia africana,orchidaceae,,asparagales,,,vulnerable
http://www.wikidata.org/entity/q20851,http://www.wikidata.org/entity/q327149,http://www.wikidata.org/entity/q1390,http://www.wikidata.org/entity/q22671,,great diving beetle,,,,great diving beetle,dytiscidae,insect,coleoptera,,,
http://www.wikidata.org/entity/q20857,http://www.wikidata.org/entity/q21154,http://www.wikidata.org/entity/q25368,http://www.wikidata.org/entity/q133047,,,,,,crassostrea gigas,ostreidae,bivalvia,ostreoida,,,
http://www.wikidata.org/entity/q20863,http://www.wikidata.org/entity/q270322,http://www.wikidata.org/entity/q1390,http://www.wikidata.org/entity/q26371,,common pond skater,,,,gerris lacustris,gerridae,insect,hemiptera,,,
http://www.wikidata.org/entity/q20869,http://www.wikidata.org/entity/q139689,http://www.wikidata.org/entity/q1390,"['http://www.wikidata.org/entity/q25309', 'http://www.wikidata.org/entity/q2087279']",,"common cockroach, oriental cockroach",,,,blatta orientalis,blattidae,insect,"['blattodea', 'dictyoptera']",,,
http://www.wikidata.org/entity/q20949,http://www.wikidata.org/entity/q25308,,http://www.wikidata.org/entity/q26229,,,,,,acrochaene punctata,orchidaceae,,asparagales,,,
http://www.wikidata.org/entity/q20958,http://www.wikidata.org/entity/q682450,http://www.wikidata.org/entity/q25368,http://www.wikidata.org/entity/q29876893,,,,,,mya arenaria,myidae,bivalvia,myida,,,
http://www.wikidata.org/entity/q20976,http://www.wikidata.org/entity/q474636,http://www.wikidata.org/entity/q1390,http://www.wikidata.org/entity/q25312,,cranefly,,,,tipula paludosa,tipulidae,insect,diptera,,,
http://www.wikidata.org/entity/q20993,http://www.wikidata.org/entity/q27046,http://www.wikidata.org/entity/q1390,http://www.wikidata.org/entity/q22671,,,,,,carabus cancellatus,carabidae,insect,coleoptera,,,
http://www.wikidata.org/entity/q20996,http://www.wikidata.org/entity/q25400,,http://www.wikidata.org/entity/q21730,,"['common burdock', 'lesser burdock']",,,,arctium minus,asteraceae,,asterales,,,
http://www.wikidata.org/entity/q21035,http://www.wikidata.org/entity/q26568,"['http://www.wikidata.org/entity/q1307404', 'http://www.wikidata.org/entity/q1372246']",http://www.wikidata.org/entity/q2538910,,"['small bugloss', 'bugloss']",,,,anchus arvensis,boraginaceae,"['magnoliopsida', 'rosopsida']",boraginales,,,
http://www.wikidata.org/entity/q21036,http://www.wikidata.org/entity/q156141,,http://www.wikidata.org/entity/q21808,,"['thrift', 'thrift seapink']",,,,armeria maritima,plumbaginaceae,,caryophyllales,,,
http://www.wikidata.org/entity/q21038,http://www.wikidata.org/entity/q25995,,http://www.wikidata.org/entity/q21808,,ragged robin,,,,lychnis flos-cuculi,pink family,,caryophyllales,,,
http://www.wikidata.org/entity/q21053,http://www.wikidata.org/entity/q5021403,http://www.wikidata.org/entity/q207547,http://www.wikidata.org/entity/q2760783,,,,,,dicrocoelium dendriticum,dicrocoeliidae,trematoda,plagiorchiida,,,
http://www.wikidata.org/entity/q21059,http://www.wikidata.org/entity/q136948,"['http://www.wikidata.org/entity/q19105', 'http://www.wikidata.org/entity/q19430', 'http://www.wikidata.org/entity/q1358']","['http://www.wikidata.org/entity/q19430', 'http://www.wikidata.org/entity/q15220643', 'http://www.wikidata.org/entity/q19116']",,,,,,phalangium opilio,phalangiidae,"['merostomata', 'xiphosura', 'arachnida']","['xiphosura', 'xiphosurida', 'opiliones']",,,
http://www.wikidata.org/entity/q21062,http://www.wikidata.org/entity/q28294,"['http://www.wikidata.org/entity/q23809240', 'http://www.wikidata.org/entity/q10811', 'http://www.wikidata.org/entity/q5113']","['http://www.wikidata.org/entity/q25978', 'http://www.wikidata.org/entity/q186334', 'http://www.wikidata.org/entity/q430', 'http://www.wikidata.org/entity/q138921']",,"['common murre', 'common guillemot', 'guillemot']",,,http://www.wikidata.org/entity/q211005,common murre,alcidae,"['dipnotetrapodomorpha', 'reptilia', 'bird']","['charadriiformes', 'saurischia', 'dinosaur', 'avetheropoda']",,,least concern
http://www.wikidata.org/entity/q21063,http://www.wikidata.org/entity/q156025,,http://www.wikidata.org/entity/q27341,,"['water-plantain', 'common water-plantain', 'european water plantain']",,,http://www.wikidata.org/entity/q211005,alisma plantago-aquatica,alismataceae,,alismatales,,,least concern
http://www.wikidata.org/entity/q21110,http://www.wikidata.org/entity/q145794,,http://www.wikidata.org/entity/q21138,,"['sea-holly', 'seaside eryngo']",,,,eryngium maritimum,apiaceae,,apiales,,,
http://www.wikidata.org/entity/q21113,http://www.wikidata.org/entity/q915669,http://www.wikidata.org/entity/q4867740,http://www.wikidata.org/entity/q972302,,,,,http://www.wikidata.org/entity/q211005,black slug,arionidae,gastropoda,stylommatophora,,,least concern
http://www.wikidata.org/entity/q21116,http://www.wikidata.org/entity/q24115,http://www.wikidata.org/entity/q4867740,http://www.wikidata.org/entity/q980146,,common whelk,,,,buccinum undatum,buccinidae,gastropoda,neogastropoda,,,
http://www.wikidata.org/entity/q21120,http://www.wikidata.org/entity/q135542,http://www.wikidata.org/entity/q25349,http://www.wikidata.org/entity/q1002824,,"['common sea star', 'common starfish']",,,,asterias rubens,asteriidae,starfish,forcipulatida,,,
http://www.wikidata.org/entity/q21121,http://www.wikidata.org/entity/q205295,http://www.wikidata.org/entity/q1390,http://www.wikidata.org/entity/q22671,,,,,,old-house borer,cerambycidae,insect,coleoptera,,,
http://www.wikidata.org/entity/q21122,http://www.wikidata.org/entity/q517643,"['http://www.wikidata.org/entity/q373615', 'http://www.wikidata.org/entity/q134677']",http://www.wikidata.org/entity/q5291566,,marsh horsetail,,,http://www.wikidata.org/entity/q211005,equisetum palustre,equisetaceae,"['polypodiopsida', 'equisetopsida']",equisetales,,,least concern
http://www.wikidata.org/entity/q21124,http://www.wikidata.org/entity/q860002,http://www.wikidata.org/entity/q25368,http://www.wikidata.org/entity/q132678,,common cockle,,,,cerastoderma edule,cardiidae,bivalvia,veneroida,,,
http://www.wikidata.org/entity/q21125,http://www.wikidata.org/entity/q44448,,http://www.wikidata.org/entity/q21878,,"['sea pea', 'beach pea']",,,http://www.wikidata.org/entity/q211005,lathyrus japonicus,fabaceae,,fabales,,,least concern
http://www.wikidata.org/entity/q21126,http://www.wikidata.org/entity/q1748235,,http://www.wikidata.org/entity/q21742,,"['goose tongue', 'sea plantain']",,,http://www.wikidata.org/entity/q211005,plantago maritima,plantaginaceae,,lamiales,,,least concern
http://www.wikidata.org/entity/q21128,http://www.wikidata.org/entity/q21037,,http://www.wikidata.org/entity/q27341,,"['eelgrass', 'seawrack']",,,http://www.wikidata.org/entity/q211005,zostera marina,zosteraceae,,alismatales,,,least concern
http://www.wikidata.org/entity/q21148,http://www.wikidata.org/entity/q28449,"['http://www.wikidata.org/entity/q5113', 'http://www.wikidata.org/entity/q23809240', 'http://www.wikidata.org/entity/q10811']","['http://www.wikidata.org/entity/q25978', 'http://www.wikidata.org/entity/q186334', 'http://www.wikidata.org/entity/q430', 'http://www.wikidata.org/entity/q138921']",,"['european golden plover', 'eurasian golden plover']",,,http://www.wikidata.org/entity/q211005,european golden plover,charadriidae,"['bird', 'dipnotetrapodomorpha', 'reptilia']","['charadriiformes', 'saurischia', 'dinosaur', 'avetheropoda']",,,least concern
http://www.wikidata.org/entity/q21155,http://www.wikidata.org/entity/q2860840,,,,lugworm,,,,lugworm,arenicolidae,,,,,
http://www.wikidata.org/entity/q21171,http://www.wikidata.org/entity/q3012099,http://www.wikidata.org/entity/q182978,http://www.wikidata.org/entity/q206338,,common rough woodlouse,,,,porcellio scaber,porcellionidae,malacostraca,isopoda,,,
http://www.wikidata.org/entity/q21173,http://www.wikidata.org/entity/q155941,,http://www.wikidata.org/entity/q26229,,"['yellow flag, yellow iris', 'yellow iris', 'paleyellow iris']",http://www.wikidata.org/entity/q8051879,,http://www.wikidata.org/entity/q211005,iris pseudacorus,iridaceae,,asparagales,yellow flag,,least concern
http://www.wikidata.org/entity/q21175,http://www.wikidata.org/entity/q1429304,"['http://www.wikidata.org/entity/q19105', 'http://www.wikidata.org/entity/q19430', 'http://www.wikidata.org/entity/q1358']","['http://www.wikidata.org/entity/q19430', 'http://www.wikidata.org/entity/q10304508', 'http://www.wikidata.org/entity/q15220643']",,,,,,ixodes ricinus,ixodidae,"['merostomata', 'xiphosura', 'arachnida']","['xiphosura', 'ixodida', 'xiphosurida']",,,
http://www.wikidata.org/entity/q21177,http://www.wikidata.org/entity/q25400,,http://www.wikidata.org/entity/q21730,,"['spear thistle', 'bull thistle']",,,,cirsium vulgare,asteraceae,,asterales,,,
http://www.wikidata.org/entity/q21187,http://www.wikidata.org/entity/q156185,,http://www.wikidata.org/entity/q21808,,"['common sundew', 'round-leaved sundew', 'roundleaf sundew']",,,http://www.wikidata.org/entity/q211005,drosera rotundifolia,droseraceae,,caryophyllales,,,least concern
http://www.wikidata.org/entity/q21190,http://www.wikidata.org/entity/q309217,http://www.wikidata.org/entity/q1390,http://www.wikidata.org/entity/q22671,,dor beetle,,,,geotrupes stercorarius,geotrupidae,insect,coleoptera,,,
http://www.wikidata.org/entity/q22694,http://www.wikidata.org/entity/q53476,,http://www.wikidata.org/entity/q21742,,sweet marjoram,,,,marjoram,lamiaceae,,lamiales,,,
http://www.wikidata.org/entity/q22699,http://www.wikidata.org/entity/q145977,,http://www.wikidata.org/entity/q21881,,"['sweet chestnut', 'european chestnut']",,,http://www.wikidata.org/entity/q211005,castanea sativa,fagaceae,,fagales,,,least concern
http://www.wikidata.org/entity/q22701,http://www.wikidata.org/entity/q156677,,http://www.wikidata.org/entity/q21774,,"['black elderberry', 'elder']",,,http://www.wikidata.org/entity/q211005,sambucus nigra,adoxaceae,,dipsacales,,,least concern
http://www.wikidata.org/entity/q22718,http://www.wikidata.org/entity/q764529,"['http://www.wikidata.org/entity/q23809240', 'http://www.wikidata.org/entity/q10908']",http://www.wikidata.org/entity/q53663,,axolotl,,,http://www.wikidata.org/entity/q219127,axolotl,ambystomatidae,"['dipnotetrapodomorpha', 'amphibia']",caudata,,,critically endangered
http://www.wikidata.org/entity/q23121,http://www.wikidata.org/entity/q80479,"['http://www.wikidata.org/entity/q7377', 'http://www.wikidata.org/entity/q23809240']",http://www.wikidata.org/entity/q25306,,,,,http://www.wikidata.org/entity/q211005,banded mongoose,herpestidae,"['mammal', 'dipnotetrapodomorpha']",carnivora,,,least concern
http://www.wikidata.org/entity/q23363,http://www.wikidata.org/entity/q843318,http://www.wikidata.org/entity/q373615,http://www.wikidata.org/entity/q2319545,,,,,,osmunda japonica,osmundaceae,polypodiopsida,osmundales,,,
http://www.wikidata.org/entity/q23366,http://www.wikidata.org/entity/q603255,http://www.wikidata.org/entity/q343460,http://www.wikidata.org/entity/q17521922,,"['murray river cod', 'murray cod']",,http://www.wikidata.org/entity/q408,http://www.wikidata.org/entity/q211005,murray cod,percichthyidae,actinopteri,centrarchiformes,,australia,least concern
http://www.wikidata.org/entity/q23367,http://www.wikidata.org/entity/q1365448,http://www.wikidata.org/entity/q343460,http://www.wikidata.org/entity/q568755,,"['yarra herring', 'australian grayling', 'cucumber herring', 'cucumber mullet', 'cucumberfish']",,,http://www.wikidata.org/entity/q278113,australian grayling,retropinnidae,actinopteri,osmeriformes,,,vulnerable
http://www.wikidata.org/entity/q23370,http://www.wikidata.org/entity/q156579,,http://www.wikidata.org/entity/q21895,,,,,http://www.wikidata.org/entity/q211005,streblus asper,moraceae,,rosales,,,least concern
http://www.wikidata.org/entity/q23400,"['http://www.wikidata.org/entity/q14554991', 'http://www.wikidata.org/entity/q155848']","['http://www.wikidata.org/entity/q1147601', 'http://www.wikidata.org/entity/q1307404']","['http://www.wikidata.org/entity/q9149398', 'http://www.wikidata.org/entity/q26229', 'http://www.wikidata.org/entity/q11743980']",,cultivated garlic,,,,allium sativum,"['alliaceae', 'amaryllidaceae']","['liliopsida', 'magnoliopsida']","['amaryllidales', 'asparagales', 'iridales']",,,
http://www.wikidata.org/entity/q23425,http://www.wikidata.org/entity/q8314,,http://www.wikidata.org/entity/q21875,,garden cucumber,,,,cucumis sativus,cucurbitaceae,,cucurbitales,,,
http://www.wikidata.org/entity/q23485,"['http://www.wikidata.org/entity/q14554991', 'http://www.wikidata.org/entity/q155848']","['http://www.wikidata.org/entity/q1147601', 'http://www.wikidata.org/entity/q1307404']","['http://www.wikidata.org/entity/q9149398', 'http://www.wikidata.org/entity/q11743980', 'http://www.wikidata.org/entity/q26229']",,garden onion,,,,allium cepa,"['alliaceae', 'amaryllidaceae']","['liliopsida', 'magnoliopsida']","['amaryllidales', 'iridales', 'asparagales']",,,
http://www.wikidata.org/entity/q23501,http://www.wikidata.org/entity/q134172,,http://www.wikidata.org/entity/q21723,,garden tomato,,,,tomato,solanaceae,,solanales,,,
http://www.wikidata.org/entity/q23637,http://www.wikidata.org/entity/q831743,http://www.wikidata.org/entity/q27720,http://www.wikidata.org/entity/q219143,,,,,,lactarius turpis,russulaceae,agaricomycetes,russulales,,,
http://www.wikidata.org/entity/q23907,http://www.wikidata.org/entity/q25265,"['http://www.wikidata.org/entity/q7377', 'http://www.wikidata.org/entity/q23809240']",http://www.wikidata.org/entity/q25306,,,http://www.wikidata.org/entity/q11699677,,http://www.wikidata.org/entity/q278113,cheetah's,felidae,"['mammal', 'dipnotetrapodomorpha']",carnivora,q11699677,,vulnerable
http://www.wikidata.org/entity/q23927,http://www.wikidata.org/entity/q155802,,http://www.wikidata.org/entity/q21730,,bach's calicoflower,,,,downingia bacigalupii,campanulaceae,,asterales,,,
http://www.wikidata.org/entity/q23933,http://www.wikidata.org/entity/q975872,,http://www.wikidata.org/entity/q21737,,alpine laurel,,,http://www.wikidata.org/entity/q211005,kalmia microphylla,ericaceae,,ericales,,,least concern
http://www.wikidata.org/entity/q23939,http://www.wikidata.org/entity/q44448,,http://www.wikidata.org/entity/q21878,,,,,http://www.wikidata.org/entity/q11394,erythrina atitlanensis,fabaceae,,fabales,,,endangered
http://www.wikidata.org/entity/q23964,"['http://www.wikidata.org/entity/q14554941', 'http://www.wikidata.org/entity/q749826']","['http://www.wikidata.org/entity/q1307404', 'http://www.wikidata.org/entity/q1147601']","['http://www.wikidata.org/entity/q26229', 'http://www.wikidata.org/entity/q11743980', 'http://www.wikidata.org/entity/q9149398', 'http://www.wikidata.org/entity/q9141993']",,,,,,aloe irafensis,"['asphodelaceae', 'xanthorrhoeaceae']","['magnoliopsida', 'liliopsida']","['asparagales', 'iridales', 'amaryllidales', 'agavales']",,,
http://www.wikidata.org/entity/q24017,http://www.wikidata.org/entity/q975872,,http://www.wikidata.org/entity/q21737,,whitewicky,,,,kalmia cuneata,ericaceae,,ericales,,,
http://www.wikidata.org/entity/q24024,http://www.wikidata.org/entity/q44448,,http://www.wikidata.org/entity/q21878,,,,,http://www.wikidata.org/entity/q278113,erythrina euodiphylla,fabaceae,,fabales,,,vulnerable
http://www.wikidata.org/entity/q24063,http://www.wikidata.org/entity/q2330045,http://www.wikidata.org/entity/q132006,http://www.wikidata.org/entity/q1130524,,,,,,puccinia poarum,pucciniaceae,pucciniomycetes,pucciniales,,,
http://www.wikidata.org/entity/q24095,http://www.wikidata.org/entity/q2113172,http://www.wikidata.org/entity/q248530,http://www.wikidata.org/entity/q2244421,,,,,,chondrocladia lyra,cladorhizidae,demospongiae,poecilosclerida,,,
http://www.wikidata.org/entity/q24121,"['http://www.wikidata.org/entity/q749826', 'http://www.wikidata.org/entity/q14554941']","['http://www.wikidata.org/entity/q1307404', 'http://www.wikidata.org/entity/q1147601']","['http://www.wikidata.org/entity/q26229', 'http://www.wikidata.org/entity/q11743980', 'http://www.wikidata.org/entity/q9149398', 'http://www.wikidata.org/entity/q9141993']",,,,,,aloe hoffmannii,"['xanthorrhoeaceae', 'asphodelaceae']","['magnoliopsida', 'liliopsida']","['asparagales', 'iridales', 'amaryllidales', 'agavales']",,,
http://www.wikidata.org/entity/q24129,http://www.wikidata.org/entity/q507694,http://www.wikidata.org/entity/q1390,http://www.wikidata.org/entity/q25375,,,,,http://www.wikidata.org/entity/q3245245,erythrodiplax gomesi,libellulidae,insect,odonata,,,data deficient
http://www.wikidata.org/entity/q24132,http://www.wikidata.org/entity/q45559,http://www.wikidata.org/entity/q1390,http://www.wikidata.org/entity/q28319,,september thorn,,,,ennomos erosaria,geometridae,insect,lepidoptera,,,
http://www.wikidata.org/entity/q24135,http://www.wikidata.org/entity/q45559,http://www.wikidata.org/entity/q1390,http://www.wikidata.org/entity/q28319,,large thorn,,,,ennomos autumnaria,geometridae,insect,lepidoptera,,,
http://www.wikidata.org/entity/q24216,http://www.wikidata.org/entity/q158981,,http://www.wikidata.org/entity/q21737,,,,,http://www.wikidata.org/entity/q11394,pradosia kuhlmannii,sapotaceae,,ericales,,,endangered
http://www.wikidata.org/entity/q24268,http://www.wikidata.org/entity/q2330045,http://www.wikidata.org/entity/q132006,http://www.wikidata.org/entity/q1130524,,,,,,puccinia recondita,pucciniaceae,pucciniomycetes,pucciniales,,,
http://www.wikidata.org/entity/q24303,http://www.wikidata.org/entity/q24301,http://www.wikidata.org/entity/q306579,http://www.wikidata.org/entity/q476656,,,,,,rhodospirillum rubrum,rhodospirillaceae,alphaproteobacteria,rhodospirillales,,,
http://www.wikidata.org/entity/q24326,"['http://www.wikidata.org/entity/q749826', 'http://www.wikidata.org/entity/q14554941']","['http://www.wikidata.org/entity/q1147601', 'http://www.wikidata.org/entity/q1307404']","['http://www.wikidata.org/entity/q26229', 'http://www.wikidata.org/entity/q9141993', 'http://www.wikidata.org/entity/q9149398', 'http://www.wikidata.org/entity/q11743980']",,,,,http://www.wikidata.org/entity/q719675,aloe jawiyon,"['xanthorrhoeaceae', 'asphodelaceae']","['liliopsida', 'magnoliopsida']","['asparagales', 'agavales', 'amaryllidales', 'iridales']",,,near threatened
http://www.wikidata.org/entity/q24336,http://www.wikidata.org/entity/q158717,http://www.wikidata.org/entity/q1390,http://www.wikidata.org/entity/q28319,,strophius hairstreak,,,,allosmaitia strophius,lycaenidae,insect,lepidoptera,,,
http://www.wikidata.org/entity/q24342,http://www.wikidata.org/entity/q45559,http://www.wikidata.org/entity/q1390,http://www.wikidata.org/entity/q28319,,bordered white,,,,bupalus piniaria,geometridae,insect,lepidoptera,,,
http://www.wikidata.org/entity/q24377,http://www.wikidata.org/entity/q158981,,http://www.wikidata.org/entity/q21737,,,,,http://www.wikidata.org/entity/q211005,pradosia cuatrecasasii,sapotaceae,,ericales,,,least concern
http://www.wikidata.org/entity/q24380,"['http://www.wikidata.org/entity/q14554941', 'http://www.wikidata.org/entity/q749826']","['http://www.wikidata.org/entity/q1307404', 'http://www.wikidata.org/entity/q1147601']","['http://www.wikidata.org/entity/q9141993', 'http://www.wikidata.org/entity/q11743980', 'http://www.wikidata.org/entity/q9149398', 'http://www.wikidata.org/entity/q26229']",,fynbos aloe,,,,aloe succotrina,"['asphodelaceae', 'xanthorrhoeaceae']","['magnoliopsida', 'liliopsida']","['agavales', 'iridales', 'amaryllidales', 'asparagales']",,,
http://www.wikidata.org/entity/q24505,http://www.wikidata.org/entity/q459180,http://www.wikidata.org/entity/q1390,http://www.wikidata.org/entity/q28319,,,,,,lithacodia uncula,noctuidae,insect,lepidoptera,,,
http://www.wikidata.org/entity/q24602,http://www.wikidata.org/entity/q158981,,http://www.wikidata.org/entity/q21737,,,,,http://www.wikidata.org/entity/q219127,pradosia decipiens,sapotaceae,,ericales,,,critically endangered
http://www.wikidata.org/entity/q24697,http://www.wikidata.org/entity/q158981,,http://www.wikidata.org/entity/q21737,,,,,http://www.wikidata.org/entity/q719675,pradosia atroviolacea,sapotaceae,,ericales,,,near threatened
http://www.wikidata.org/entity/q24742,http://www.wikidata.org/entity/q2330045,http://www.wikidata.org/entity/q132006,http://www.wikidata.org/entity/q1130524,,,,,,puccinia emaculata,pucciniaceae,pucciniomycetes,pucciniales,,,
http://www.wikidata.org/entity/q24751,http://www.wikidata.org/entity/q778491,http://www.wikidata.org/entity/q1390,http://www.wikidata.org/entity/q28319,,,,,,dichomeris alacella,gelechiidae,insect,lepidoptera,,,
http://www.wikidata.org/entity/q24753,http://www.wikidata.org/entity/q132980,http://www.wikidata.org/entity/q1390,http://www.wikidata.org/entity/q28319,,,,,,catoptria verellus,crambidae,insect,lepidoptera,,,
http://www.wikidata.org/entity/q24843,http://www.wikidata.org/entity/q29858,"['http://www.wikidata.org/entity/q23809240', 'http://www.wikidata.org/entity/q10811', 'http://www.wikidata.org/entity/q5113']","['http://www.wikidata.org/entity/q430', 'http://www.wikidata.org/entity/q25341', 'http://www.wikidata.org/entity/q186334', 'http://www.wikidata.org/entity/q138921']",,"['short-toed lark', 'greater short-toed lark']",,,http://www.wikidata.org/entity/q211005,greater short-toed lark,lark,"['dipnotetrapodomorpha', 'reptilia', 'bird']","['dinosaur', 'passeriformes', 'saurischia', 'avetheropoda']",,,least concern
