"Scientific Name","Common Name","Where Listed","Region","ESA Listing Status","Group"
"Drosophila differens","Hawaiian picture-wing fly","Wherever found","1","Endangered","Insects"
"Ammodramus savannarum floridanus","Florida grasshopper sparrow","Wherever found","4","Endangered","Birds"
"Nerodia clarkii taeniata","Atlantic salt marsh snake","Wherever found","4","Threatened","Reptiles"
"Corvus leucognaphalus","White-necked crow","Wherever found","4","Endangered","Birds"
"Fusconaia cuneolus","Finerayed pigtoe","Wherever found; Except where listed as Experimental Populations","4","Endangered","Clams"
"Xyrauchen texanus","Razorback sucker","Wherever found","6","Endangered","Fishes"
"Sorex ornatus relictus","Buena Vista Lake ornate Shrew","Wherever found","8","Endangered","Mammals"
"Medionidus acutissimus","Alabama moccasinshell","Wherever found","4","Threatened","Clams"
"Salmo salar","Atlantic salmon","Gulf of Maine DPS","5","Endangered","Fishes"
"Falco femoralis septentrionalis","Northern Aplomado Falcon","Wherever found, except where listed as an experimental population","2","Endangered","Birds"
"Pleurocera foremani","Rough hornsnail","Wherever found","4","Endangered","Snails"
"Akialoa stejnegeri","Kauai akialoa (honeycreeper)","Wherever found","1","Endangered","Birds"
"Eucyclogobius newberryi","Tidewater goby","Wherever found","8","Endangered","Fishes"
"Pyrgulopsis roswellensis","Roswell springsnail","Wherever found","2","Endangered","Snails"
"Epioblasma metastriata","Upland combshell","Wherever found","4","Endangered","Clams"
"Chasmistes brevirostris","Shortnose Sucker","Wherever found","8","Endangered","Fishes"
"Gila nigrescens","Chihuahua chub","Wherever found","2","Threatened","Fishes"
"Gila cypha","Humpback chub","Wherever found","6","Endangered","Fishes"
"Cryptobranchus alleganiensis bishopi","Ozark Hellbender","Wherever found","3","Endangered","Amphibians"
"Noturus placidus","Neosho madtom","Wherever found","6","Threatened","Fishes"
"Cyprinodon diabolis","Devils Hole pupfish","Wherever found","8","Endangered","Fishes"
"Partulina semicarinata","Lanai tree snail","Wherever found","1","Endangered","Snails"
"Speyeria zerene hippolyta","Oregon silverspot butterfly","Wherever found","1","Threatened","Insects"
"Crotalus willardi obscurus","New Mexican ridge-nosed rattlesnake","Wherever found","2","Threatened","Reptiles"
"Eleutherodactylus cooki","Guajon","Wherever found","4","Threatened","Amphibians"
"Euphilotes battoides allyni","El Segundo blue butterfly","Wherever found","8","Endangered","Insects"
"Catostomus discobolus yarrowi","Zuni bluehead Sucker","Wherever found","2","Endangered","Fishes"
"Dromus dromas","Dromedary pearlymussel","AL; Free-Flowing Reach of the Tennessee River below the Wilson Dam, Colbert and Lauderdale Counties, AL","4","Experimental Population, Non-Essential","Clams"
"Succinea chittenangoensis","Chittenango ovate amber snail","Wherever found","5","Threatened","Snails"
"Notropis albizonatus","Palezone shiner","Wherever found","4","Endangered","Fishes"
"Lampsilis powellii","Arkansas fatmucket","Wherever found","4","Threatened","Clams"
"Cicindelidia floridana","Miami tiger beetle","Wherever found","4","Endangered","Insects"
"Cyprinodon nevadensis mionectes","Ash Meadows Amargosa pupfish","Wherever found","8","Endangered","Fishes"
"Villosa trabalis","Cumberland bean (pearlymussel)","Wherever found; Except where listed as Experimental Populations","4","Endangered","Clams"
"Speyeria zerene hippolyta","Oregon silverspot butterfly","","1","Experimental Population, Non-Essential","Insects"
"Rhinichthys osculus lethoporus","Independence Valley speckled dace","Wherever found","8","Endangered","Fishes"
"Aplodontia rufa nigra","Point Arena mountain beaver","Wherever found","8","Endangered","Mammals"
"Telespyza cantans","Laysan finch (honeycreeper)","Wherever found","1","Endangered","Birds"
"Lampsilis streckeri","Speckled pocketbook","Wherever found","4","Endangered","Clams"
"Palaemonetes cummingi","Squirrel Chimney Cave shrimp","Wherever found","4","Threatened","Crustaceans"
"Leptoxis plicata","Plicate rocksnail","Wherever found","4","Endangered","Snails"
"Lampsilis altilis","Finelined pocketbook","Wherever found","4","Threatened","Clams"
"Obovaria retusa","Ring pink (mussel)","U.S.A. (TN - specified portions of the French Broad and Holston Rivers; see 17.85(b)(1))","4","Experimental Population, Non-Essential","Clams"
"Pterodroma sandwichensis","Hawaiian petrel","Wherever found","1","Endangered","Birds"
"Ischnura luta","Rota blue damselfly","Wherever found","1","Endangered","Insects"
"Erimonax monachus","Spotfin Chub","Wherever found, except where listed as an experimental population","4","Threatened","Fishes"
"Anaxyrus canorus","Yosemite toad","Wherever found","8","Threatened","Amphibians"
"Noturus flavipinnis","Yellowfin madtom","Wherever found, except where listed as an experimental population","4","Threatened","Fishes"
"Pacifastacus fortis","Shasta crayfish","Wherever found","8","Endangered","Crustaceans"
"Lepidochelys olivacea","Olive ridley sea turtle","Wherever found, except when listed as endangered under 50 CFR 224.101","4","Threatened","Reptiles"
"Epioblasma obliquata perobliqua","White catspaw (pearlymussel)","Wherever found","3","Endangered","Clams"
"Emballonura semicaudata rotensis","Pacific sheath-tailed Bat","Wherever found","1","Endangered","Mammals"
"Epioblasma torulosa gubernaculum","Green blossom (pearlymussel)","Wherever found","4","Endangered","Clams"
"Tiaroga cobitis","Loach minnow","Wherever found","2","Endangered","Fishes"
"Myadestes myadestinus","Large Kauai (=kamao) Thrush","Wherever found","1","Endangered","Birds"
"Drosophila hemipeza","Hawaiian picture-wing fly","Wherever found","1","Endangered","Insects"
"Caprimulgus noctitherus","Puerto Rican nightjar","Wherever found","4","Endangered","Birds"
"Cyprogenia stegaria","Fanshell","Wherever found","4","Endangered","Clams"
"Charadrius nivosus nivosus","Western snowy plover","Pacific Coast population DPS-U.S.A. (CA, OR, WA), Mexico (within 50 miles of Pacific coast)","8","Threatened","Birds"
"Salvelinus confluentus","Bull Trout","U.S.A., conterminous, lower 48 states","1","Threatened","Fishes"
"Gopherus agassizii","Desert tortoise","Wherever found, except AZ south and east of Colorado R., and Mexico","8","Threatened","Reptiles"
"Anaea troglodyta floridalis","Florida leafwing Butterfly","Wherever found","4","Endangered","Insects"
"Rana muscosa","Mountain yellow-legged frog","Northern California DPS","8","Endangered","Amphibians"
"Texella reddelli","Bee Creek Cave harvestman","Wherever found","2","Endangered","Arachnids"
"Hemignathus wilsoni","akiapolaau","Wherever found","1","Endangered","Birds"
"Noturus stanauli","Pygmy madtom","Wherever found","4","Endangered","Fishes"
"Antilocapra americana sonoriensis","Sonoran pronghorn","Wherever found, except where listed as an experimental population","2","Endangered","Mammals"
"Chelonia mydas","Green sea turtle","North Atlantic DPS","4","Threatened","Reptiles"
"Pseudotryonia adamantina","Diamond Tryonia","Wherever found","2","Endangered","Snails"
"Scaphirhynchus albus","Pallid sturgeon","Wherever found","6","Endangered","Fishes"
"Thomomys mazama tumuli","Tenino pocket gopher","Wherever found","1","Threatened","Mammals"
"Etheostoma spilotum","Kentucky arrow darter","Wherever found","4","Threatened","Fishes"
"Sylvilagus bachmani riparius","Riparian brush rabbit","Wherever found","8","Endangered","Mammals"
"Leptodea leptodon","Scaleshell mussel","Wherever found","3","Endangered","Clams"
"Medionidus walkeri","Suwannee moccasinshell","Wherever found","4","Threatened","Clams"
"Buteo platypterus brunnescens","Puerto Rican broad-winged hawk","Wherever found","4","Endangered","Birds"
"Corynorhinus (=Plecotus) townsendii ingens","Ozark big-eared bat","Wherever found","2","Endangered","Mammals"
"Ambystoma californiense","California tiger Salamander","U.S.A. (CA - Santa Barbara County)","8","Endangered","Amphibians"
"Eurycea chisholmensis","Salado Salamander","Wherever found","2","Threatened","Amphibians"
"Achatinella spp.","Oahu tree snails","Wherever found","1","Endangered","Snails"
"Gammarus pecos","Pecos amphipod","Wherever found","2","Endangered","Crustaceans"
"Lemiox rimosus","Birdwing pearlymussel","Wherever found; Except where listed as Experimental Populations","4","Endangered","Clams"
"Lynx canadensis","Canada Lynx","Wherever Found in Contiguous U.S.","6","Threatened","Mammals"
"Alasmidonta atropurpurea","Cumberland elktoe","Wherever found","4","Endangered","Clams"
"Ictalurus pricei","Yaqui catfish","Wherever found","2","Threatened","Fishes"
"Charadrius melodus","Piping Plover","[Atlantic Coast and Northern Great Plains populations] - Wherever found, except those areas where listed as endangered.","5","Threatened","Birds"
"Hesperia dacotae","Dakota Skipper","Wherever found","3","Threatened","Insects"
"Cicurina venii","Braken Bat Cave Meshweaver","Wherever found","2","Endangered","Arachnids"
"Anas wyvilliana","Hawaiian (=koloa) Duck","Wherever found","1","Endangered","Birds"
"Gallicolumba stairi","Friendly Ground-Dove","American Samoa DPS","1","Endangered","Birds"
"Speoplatyrhinus poulsoni","Alabama cavefish","Wherever found","4","Endangered","Fishes"
"Reithrodontomys raviventris","Salt marsh harvest mouse","wherever found","8","Endangered","Mammals"
"Sistrurus catenatus","Eastern Massasauga (=rattlesnake)","Wherever found","3","Threatened","Reptiles"
"Juturnia kosteri","Koster's springsnail","Wherever found","2","Endangered","Snails"
"Chasmistes cujus","Cui-ui","Wherever found","8","Endangered","Fishes"
"Streptocephalus woottoni","Riverside fairy shrimp","Wherever found","8","Endangered","Crustaceans"
"Epicrates inornatus","Puerto Rican boa","Wherever found","4","Endangered","Reptiles"
"Drosophila ochrobasis","Hawaiian picture-wing fly","Wherever found","1","Endangered","Insects"
"Anolis roosevelti","Culebra Island giant anole","Wherever found","4","Endangered","Reptiles"
"Noturus baileyi","Smoky madtom","Wherever found","4","Endangered","Fishes"
"Etheostoma wapiti","Boulder darter","Wherever found","4","Endangered","Fishes"
"Fulica americana alai","Hawaiian coot","Wherever found","1","Endangered","Birds"
"Erimonax monachus","Spotfin Chub","U.S.A. (TN-specified portions of the Tellico River; see 17.84(m)(1)(i))","4","Experimental Population, Non-Essential","Fishes"
"Batrisodes venyivi","Helotes mold beetle","Wherever found","2","Endangered","Insects"
"Grus canadensis pulla","Mississippi sandhill crane","Wherever found","4","Endangered","Birds"
"Hylaeus anthracinus","Anthricinan yellow-faced bee","Wherever found","1","Endangered","Insects"
"Martes caurina","Pacific Marten, Coastal Distinct Population Segment","Wherever found","8","Threatened","Mammals"
"Etheostoma okaloosae","Okaloosa darter","Wherever found","4","Threatened","Fishes"
"Dipodomys nitratoides nitratoides","Tipton kangaroo rat","Wherever found","8","Endangered","Mammals"
"Pleurobema taitianum","Heavy pigtoe","Wherever found","4","Endangered","Clams"
"Partula gibba","Humped tree snail","Wherever found","1","Endangered","Snails"
"Percina aurora","Pearl darter","Wherever found","4","Threatened","Fishes"
"Strymon acis bartrami","Bartram's hairstreak Butterfly","Wherever found","4","Endangered","Insects"
"Batrachoseps aridus","Desert slender salamander","Wherever found","8","Endangered","Amphibians"
"Lanius ludovicianus mearnsi","San Clemente loggerhead shrike","Wherever found","8","Endangered","Birds"
"Etheostoma scotti","Cherokee darter","Wherever found","4","Threatened","Fishes"
"Gila robusta jordani","Pahranagat roundtail chub","Wherever found","8","Endangered","Fishes"
"Vetericaris chaceorum","Anchialine pool shrimp","Wherever found","1","Endangered","Crustaceans"
"Rhinichthys osculus nevadensis","Ash Meadows speckled dace","Wherever found","8","Endangered","Fishes"
"Etheostoma fonticola","Fountain darter","Wherever found","2","Endangered","Fishes"
"Dipodomys stephensi (incl. D. cascus)","Stephens' kangaroo rat","Wherever found","8","Endangered","Mammals"
"Pseudocopaeodes eunus obscurus","Carson wandering skipper","Wherever found","8","Endangered","Insects"
"Crocodylus acutus","American crocodile","U.S.A. (FL)","4","Threatened","Reptiles"
"Bombus franklini","Franklin's bumblebee","Wherever found","1","Endangered","Insects"
"Ptychobranchus subtentus","Fluted kidneyshell","Wherever found","4","Endangered","Clams"
"Graptemys flavimaculata","Yellow-blotched map turtle","Wherever found","4","Threatened","Reptiles"
"Lampsilis higginsii","Higgins eye (pearlymussel)","Wherever found","3","Endangered","Clams"
"Margaritifera marrianae","Alabama pearlshell","Wherever found","4","Endangered","Clams"
"Elliptio steinstansana","Tar River spinymussel","Wherever found","4","Endangered","Clams"
"Quadrula fragosa","Winged Mapleleaf","U.S.A. (AL-specified portions of the Tennessee River; see 17.85(a)(1))","4","Experimental Population, Non-Essential","Clams"
"Menidia extensa","Waccamaw silverside","Wherever found","4","Threatened","Fishes"
"Cicindela puritana","Puritan tiger beetle","Wherever found","5","Threatened","Insects"
"Grus americana","Whooping crane","U.S.A. (CO, ID, FL, NM, UT, and the western half of Wyoming)","4","Experimental Population, Non-Essential","Birds"
"Lepidomeda albivallis","White River spinedace","Wherever found","8","Endangered","Fishes"
"Erinna newcombi","Newcomb's snail","Wherever found","1","Threatened","Snails"
"Amblyopsis rosae","Ozark cavefish","Wherever found","4","Threatened","Fishes"
"Pterodroma cahow","Bermuda petrel","Wherever found","4","Endangered","Birds"
"Notropis buccula","Smalleye Shiner","Wherever found","2","Endangered","Fishes"
"Corvus kubaryi","Mariana (=aga) Crow","Wherever found","1","Endangered","Birds"
"Laterallus jamaicensis ssp. jamaicensis","Eastern Black rail","Wherever found","4","Threatened","Birds"
"Trimerotropis infantilis","Zayante band-winged grasshopper","Wherever found","8","Endangered","Insects"
"Etheostoma sellare","Maryland darter","Wherever found","5","Endangered","Fishes"
"Lepidurus packardi","Vernal pool tadpole shrimp","Wherever found","8","Endangered","Crustaceans"
"Notropis oxyrhynchus","Sharpnose Shiner","Wherever found","2","Endangered","Fishes"
"Gymnogyps californianus","California condor","U.S.A. (specific portions of Arizona, Nevada, and Utah)","8","Experimental Population, Non-Essential","Birds"
"Cumberlandia monodonta","Spectaclecase (mussel)","Wherever found","3","Endangered","Clams"
"Orthalicus reses (not incl. nesodryas)","Stock Island tree snail","Wherever found","4","Threatened","Snails"
"Masticophis lateralis euryxanthus","Alameda whipsnake (=striped racer)","Wherever found","8","Threatened","Reptiles"
"Noturus flavipinnis","Yellowfin madtom","U.S.A. (TN-specified portions of the Tellico River; see 17.84(e)(1)(ii))","4","Experimental Population, Non-Essential","Fishes"
"Villosa perpurpurea","Purple bean","Wherever found","5","Endangered","Clams"
"Setophaga angelae","Elfin-woods warbler","Wherever found","4","Threatened","Birds"
"Enhydra lutris nereis","Southern sea otter","Wherever found","8","Threatened","Mammals"
"Noturus flavipinnis","Yellowfin madtom","U.S.A. (TN, VA-specified portions of the Holston River and watershed; see 17.84(e)(1)(i))","4","Experimental Population, Non-Essential","Fishes"
"Pyrgus ruralis lagunae","Laguna Mountains skipper","Wherever found","8","Endangered","Insects"
"Chasiempis ibidis","Oahu elepaio","Wherever found","1","Endangered","Birds"
"Gambusia gaigei","Big Bend gambusia","Wherever found","2","Endangered","Fishes"
"Cyclargus (=Hemiargus) thomasi bethunebakeri","Miami Blue Butterfly","Wherever found","4","Endangered","Insects"
"Nerodia erythrogaster neglecta","Copperbelly water snake","Indiana north of 40 degrees north latitude, Michigan, Ohio","3","Threatened","Reptiles"
"Syncaris pacifica","California freshwater shrimp","Wherever found","8","Endangered","Crustaceans"
"Anas laysanensis","Laysan duck","Wherever found","1","Endangered","Birds"
"Salvelinus confluentus","Bull Trout","Clackamas River subbasin experimental population","1","Experimental Population, Non-Essential","Fishes"
"Necturus alabamensis","Black warrior (=Sipsey Fork) Waterdog","Wherever found","4","Endangered","Amphibians"
"Rhadine persephone","Tooth Cave ground beetle","Wherever found","2","Endangered","Insects"
"Corvus hawaiiensis","Hawaiian (='alala) Crow","Wherever found","1","Endangered","Birds"
"Stygobromus hayi","Hay's Spring amphipod","Wherever found","5","Endangered","Crustaceans"
"Partulina variabilis","Lanai tree snail","Wherever found","1","Endangered","Snails"
"Pyrgulopsis bruneauensis","Bruneau Hot springsnail","Wherever found","1","Endangered","Snails"
"Gila purpurea","Yaqui chub","Wherever found","2","Endangered","Fishes"
"Cambarus callainus","Big Sandy crayfish","Wherever found","5","Threatened","Crustaceans"
"Epioblasma turgidula","Turgid blossom (pearlymussel)","Wherever found; Except where listed as Experimental Populations","4","Endangered","Clams"
"Eurycea [=Typhlomolge] rathbuni","Texas blind salamander","Wherever found","2","Endangered","Amphibians"
"Acipenser oxyrinchus (=oxyrhynchus) desotoi","Gulf sturgeon","Wherever found","4","Threatened","Fishes"
"Procaris hawaiana","Anchialine pool Shrimp","Wherever found","1","Endangered","Crustaceans"
"Dromus dromas","Dromedary pearlymussel","U.S.A. (TN - specified portions of the French Broad and Holston Rivers; see 17.85(b)(1))","4","Experimental Population, Non-Essential","Clams"
"Cambarus veteranus","Guyandotte River crayfish","Wherever found","5","Endangered","Crustaceans"
"Oncorhynchus aguabonita whitei","Little Kern golden trout","Wherever found","8","Threatened","Fishes"
"Phoxinus cumberlandensis","Blackside dace","Wherever found","4","Threatened","Fishes"
"Polygyriscus virginianus","Virginia fringed mountain snail","Wherever found","5","Endangered","Snails"
"Euchloe ausonides insulanus","Island marble Butterfly","Wherever found","1","Endangered","Insects"
"Pleuronaia dolabelloides","Slabside Pearlymussel","Wherever found","4","Endangered","Clams"
"Drosophila sharpi","Hawaiian picture-wing fly","Wherever found","1","Endangered","Insects"
"Neoleptoneta myopica","Tooth Cave Spider","Wherever found","2","Endangered","Arachnids"
"Ambrysus amargosus","Ash Meadows naucorid","Wherever found","8","Threatened","Insects"
"Partula radiolata","Guam tree snail","Wherever found","1","Endangered","Snails"
"Oncorhynchus clarkii henshawi","Lahontan cutthroat trout","Wherever found","8","Threatened","Fishes"
"Euphydryas editha taylori","Taylor's (=whulge) Checkerspot","Wherever found","1","Endangered","Insects"
"Tryonia alamosae","Alamosa springsnail","Wherever found","2","Endangered","Snails"
"Clemmys muhlenbergii","bog turtle","U.S.A. (GA, NC, SC, TN, VA)","4","Similarity of Appearance (Threatened)","Reptiles"
"Perognathus longimembris pacificus","Pacific pocket mouse","Wherever found","8","Endangered","Mammals"
"Hesperia leonardus montana","Pawnee montane skipper","Wherever found","6","Threatened","Insects"
"Erimystax cahni","Slender chub","U.S.A. (TN - specified portions of the French Broad and Holston  Rivers; see 17.84(s)(1)(i))","4","Experimental Population, Non-Essential","Fishes"
"Loxops coccineus","Hawaii akepa","Wherever found","1","Endangered","Birds"
"Dipodomys nitratoides exilis","Fresno kangaroo rat","Wherever found","8","Endangered","Mammals"
"Percina rex","Roanoke logperch","Wherever found","5","Endangered","Fishes"
"Pituophis melanoleucus lodingi","Black pine snake","Wherever found","4","Threatened","Reptiles"
"Somatochlora hineana","Hine's emerald dragonfly","Wherever found","3","Endangered","Insects"
"Nicrophorus americanus","American burying beetle","Wherever found, except where listed as an experimental population","2","Threatened","Insects"
"Lasiurus cinereus semotus","Hawaiian hoary bat","Wherever found","1","Endangered","Mammals"
"Phoebastria (=Diomedea) albatrus","Short-tailed albatross","Wherever found","7","Endangered","Birds"
"Percina antesella","Amber darter","Wherever found","4","Endangered","Fishes"
"Cicindela nevadica lincolniana","Salt Creek Tiger beetle","Wherever found","6","Endangered","Insects"
"Tympanuchus cupido attwateri","Attwater's greater prairie-chicken","Wherever found","2","Endangered","Birds"
"Megalagrion xanthomelas","Orangeblack Hawaiian damselfly","Wherever found","1","Endangered","Insects"
"Myotis sodalis","Indiana bat","Wherever found","3","Endangered","Mammals"
"Lampsilis rafinesqueana","Neosho Mucket","Wherever found","4","Endangered","Clams"
"Herpailurus (=Felis) yagouaroundi tolteca","Sinaloan Jaguarundi","Wherever found","2","Endangered","Mammals"
"Discus macclintocki","Iowa Pleistocene snail","Wherever found","3","Endangered","Snails"
"Canis lupus baileyi","Mexican wolf","U.S.A. (portions of AZ and NM)see 17.84(k)","2","Experimental Population, Non-Essential","Mammals"
"Obovaria retusa","Ring pink (mussel)","Wherever found","4","Endangered","Clams"
"Peromyscus polionotus phasma","Anastasia Island beach mouse","Wherever found","4","Endangered","Mammals"
"Bombus affinis","Rusty patched bumble bee","Wherever found","3","Endangered","Insects"
"Eremichthys acros","Desert dace","Wherever found","8","Threatened","Fishes"
"Dermochelys coriacea","Leatherback sea turtle","Wherever found","4","Endangered","Reptiles"
"Cambarus aculabrum","Benton County cave crayfish","Wherever found","4","Endangered","Crustaceans"
"Telespyza ultima","Nihoa finch (honeycreeper)","Wherever found","1","Endangered","Birds"
"Deltistes luxatus","Lost River sucker","Wherever found","8","Endangered","Fishes"
"Hemignathus hanapepe","Kauai nukupuu","Wherever found","1","Endangered","Birds"
"Heraclides aristodemus ponceanus","Schaus swallowtail butterfly","Wherever found","4","Endangered","Insects"
"Epioblasma florentina florentina","Yellow blossom (pearlymussel)","AL; Free-Flowing Reach of the Tennessee River below the Wilson Dam, Colbert and Lauderdale Counties, AL","4","Experimental Population, Non-Essential","Clams"
"Elliptoideus sloatianus","Purple bankclimber (mussel)","Wherever found","4","Threatened","Clams"
"Loxioides bailleui","Palila (honeycreeper)","Wherever found","1","Endangered","Birds"
"Grus americana","Whooping crane","Wherever found, except where listed as an experimental population","2","Endangered","Birds"
"Acrocephalus luscinia","Nightingale reed warbler (old world warbler)","Wherever found","1","Endangered","Birds"
"Canis lupus baileyi","Mexican wolf","Wherever found, except where listed as an experimental population","2","Endangered","Mammals"
"Dromus dromas","Dromedary pearlymussel","Wherever found; Except where listed as Experimental Populations","4","Endangered","Clams"
"Zapada glacier","Western glacier stonefly","Wherever found","6","Threatened","Insects"
"Pseudemys rubriventris bangsi","Plymouth Redbelly Turtle","Wherever found","5","Endangered","Reptiles"
"Phaeognathus hubrichti","Red Hills salamander","Wherever found","4","Threatened","Amphibians"
"Oreomystis mana","Hawaii creeper","Wherever found","1","Endangered","Birds"
"Paroreomyza flammea","Molokai creeper","Wherever found","1","Endangered","Birds"
"Mustela nigripes","Black-footed ferret","Wherever found, except where listed as an experimental population","6","Endangered","Mammals"
"Cyprinodon radiosus","Owens pupfish","Wherever found","8","Endangered","Fishes"
"Fusconaia cor","Shiny pigtoe","AL; Free-Flowing Reach of the Tennessee River below the Wilson Dam, Colbert and Lauderdale Counties, AL","4","Experimental Population, Non-Essential","Clams"
"Ambystoma cingulatum","Frosted Flatwoods salamander","Wherever found","4","Threatened","Amphibians"
"Taylorconcha serpenticola","Bliss Rapids snail","Wherever found","1","Threatened","Snails"
"Speyeria zerene myrtleae","Myrtle's silverspot butterfly","Wherever found","8","Endangered","Insects"
"Vagrans egistina","Mariana wandering butterfly","Wherever found","1","Endangered","Insects"
"Gambusia nobilis","Pecos gambusia","Wherever found","2","Endangered","Fishes"
"Ovis canadensis nelsoni","Peninsular bighorn sheep","Peninsular CA pop.","8","Endangered","Mammals"
"Oncorhynchus clarkii seleniris","Paiute cutthroat trout","Wherever found","8","Threatened","Fishes"
"Chrosomus saylori","Laurel dace","Wherever found","4","Endangered","Fishes"
"Psittirostra psittacea","`O`u (honeycreeper)","Wherever found","1","Endangered","Birds"
"Bison bison athabascae","Wood Bison","Alaska Experimental Population","7","Experimental Population, Non-Essential","Mammals"
"Cicurina madla","Madla Cave Meshweaver","Wherever found","2","Endangered","Arachnids"
"Pleurobema decisum","Southern clubshell","Wherever found","4","Endangered","Clams"
"Hylaeus facilis","Easy yellow-faced bee","Wherever found","1","Endangered","Insects"
"Quadrula intermedia","Cumberland monkeyface (pearlymussel)","AL; Free-Flowing Reach of the Tennessee River below the Wilson Dam, Colbert and Lauderdale Counties, AL","4","Experimental Population, Non-Essential","Clams"
"Megalagrion pacificum","Pacific Hawaiian damselfly","Wherever found","1","Endangered","Insects"
"Polioptila californica californica","Coastal California gnatcatcher","Wherever found","8","Threatened","Birds"
"Epioblasma othcaloogensis","Southern acornshell","Wherever found","4","Endangered","Clams"
"Popenaias popeii","Texas Hornshell","Wherever found","2","Endangered","Clams"
"Hemistena lata","Cracking pearlymussel","AL; Free-Flowing Reach of the Tennessee River below the Wilson Dam, Colbert and Lauderdale Counties, AL","4","Experimental Population, Non-Essential","Clams"
"Aerodramus vanikorensis bartschi","Mariana gray swiftlet","Wherever found","1","Endangered","Birds"
"Sterna dougallii dougallii","Roseate tern","Northeast U.S. nesting population","5","Endangered","Birds"
"Etheostoma moorei","Yellowcheek Darter","Wherever found","4","Endangered","Fishes"
"Etheostoma phytophilum","Rush Darter","Wherever found","4","Endangered","Fishes"
"Drepanis coccinea","`I`iwi","Wherever found","1","Threatened","Birds"
"Himantopus mexicanus knudseni","Hawaiian stilt","Wherever found","1","Endangered","Birds"
"Pyrgulopsis trivialis","Three Forks Springsnail","Wherever found","2","Endangered","Snails"
"Notropis cahabae","Cahaba shiner","Wherever found","4","Endangered","Fishes"
"Dendroica chrysoparia","Golden-cheeked warbler (=wood)","Wherever found","2","Endangered","Birds"
"Antrolana lira","Madison Cave isopod","Wherever found","5","Threatened","Crustaceans"
"Etheostoma akatulo","bluemask darter","Wherever found","4","Endangered","Fishes"
"Gila ditaenia","Sonora chub","Wherever found","2","Threatened","Fishes"
"Drosophila montgomeryi","Hawaiian picture-wing fly","Wherever found","1","Endangered","Insects"
"Cicindela ohlone","Ohlone tiger beetle","Wherever found","8","Endangered","Insects"
"Dinacoma caseyi","Casey's June Beetle","Wherever found","8","Endangered","Insects"
"Gammarus hyalleloides","Diminutive Amphipod","Wherever found","2","Endangered","Crustaceans"
"Herpailurus (=Felis) yagouaroundi cacomitli","Gulf Coast jaguarundi","Wherever found","2","Endangered","Mammals"
"Elaphrus viridis","Delta green ground beetle","Wherever found","8","Threatened","Insects"
"Epioblasma torulosa torulosa","Tubercled blossom (pearlymussel)","AL; Free-Flowing Reach of the Tennessee River below the Wilson Dam, Colbert and Lauderdale Counties, AL","4","Experimental Population, Non-Essential","Clams"
"Texamaurops reddelli","Kretschmarr Cave mold beetle","Wherever found","2","Endangered","Insects"
"Myadestes palmeri","Small Kauai (=puaiohi) Thrush","Wherever found","1","Endangered","Birds"
"Erimystax cahni","Slender chub","Wherever found","4","Threatened","Fishes"
"Chasmistes liorus","June sucker","Wherever found","6","Threatened","Fishes"
"Thomomys mazama pugetensis","Olympia pocket gopher","Wherever found","1","Threatened","Mammals"
"Thomomys mazama glacialis","Roy Prairie pocket gopher","Wherever found","1","Threatened","Mammals"
"Crenichthys baileyi grandis","Hiko White River springfish","Wherever found","8","Endangered","Fishes"
"Sterna dougallii dougallii","Roseate tern","Western Hemisphere except NE U.S.","4","Threatened","Birds"
"Villosa trabalis","Cumberland bean (pearlymussel)","U.S.A. (TN - specified portions of the French Broad and Holston Rivers; see 17.85(b)(1))","4","Experimental Population, Non-Essential","Clams"
"Plethobasus cicatricosus","White wartyback (pearlymussel)","U.S.A. (TN - specified portions of the French Broad and Holston Rivers; see 17.85(b)(1))","4","Experimental Population, Non-Essential","Clams"
"Drosophila digressa","Hawaiian picture-wing fly","Wherever found","1","Endangered","Insects"
"Branchinecta sandiegonensis","San Diego fairy shrimp","Wherever found","8","Endangered","Crustaceans"
"Epioblasma capsaeformis","Oyster mussel","AL; Free-Flowing Reach of the Tennessee River below the Wilson Dam, Colbert and Lauderdale Counties, AL","4","Experimental Population, Non-Essential","Clams"
"Picoides borealis","Red-cockaded woodpecker","Wherever found","4","Endangered","Birds"
"Pleurobema clava","Clubshell","Wherever found; Except where listed as Experimental Populations","5","Endangered","Clams"
"Athearnia anthonyi","Anthony's riversnail","Wherever found; Except where listed as Experimental Populations","4","Endangered","Snails"
"Sylvilagus palustris hefneri","Lower Keys marsh rabbit","Wherever found","4","Endangered","Mammals"
"Lampsilis abrupta","Pink mucket (pearlymussel)","Wherever found","3","Endangered","Clams"
"Epioblasma torulosa torulosa","Tubercled blossom (pearlymussel)","Wherever found; Except where listed as Experimental Populations","4","Endangered","Clams"
"Elliptio chipolaensis","Chipola slabshell","Wherever found","4","Threatened","Clams"
"Etheostoma nianguae","Niangua darter","Wherever found","3","Threatened","Fishes"
"Pyrgulopsis neomexicana","Socorro springsnail","Wherever found","2","Endangered","Snails"
"Campephilus principalis","Ivory-billed woodpecker","Wherever found","4","Endangered","Birds"
"Loxops ochraceus","Maui akepa","Wherever found","1","Endangered","Birds"
"Brachyramphus marmoratus","Marbled murrelet","U.S.A. (CA, OR, WA)","1","Threatened","Birds"
"Gallinula galeata sandvicensis","Hawaiian common gallinule","Wherever found","1","Endangered","Birds"
"Quadrula cylindrica strigillata","Rough rabbitsfoot","Wherever found","5","Endangered","Clams"
"Percina jenkinsi","Conasauga logperch","Wherever found","4","Endangered","Fishes"
"Gymnogyps californianus","California condor","Pacific Northwest NEP","8","Experimental Population, Non-Essential","Birds"
"Pyrgulopsis bernardina","San Bernardino springsnail","Wherever found","2","Threatened","Snails"
"Oceanodroma castro","Band-rumped storm-petrel","USA (HI)","1","Endangered","Birds"
"Vulpes vulpes necator","Sierra Nevada red fox","","8","Endangered","Mammals"
"Ambystoma tigrinum stebbinsi","Sonora tiger Salamander","Wherever found","2","Endangered","Amphibians"
"Lampsilis virescens","Alabama lampmussel","Wherever found; Except where listed as Experimental Populations","4","Endangered","Clams"
"Myotis septentrionalis","Northern Long-Eared Bat","Wherever found","3","Threatened","Mammals"
"Cyprogenia stegaria","Fanshell","U.S.A. (TN - specified portions of the French Broad and Holston Rivers; see 17.85(b)(1))","4","Experimental Population, Non-Essential","Clams"
"Pipilo crissalis eremophilus","Inyo California towhee","Wherever found","8","Threatened","Birds"
"Enhydra lutris kenyoni","Northern Sea Otter","Southwest Alaska DPS","7","Threatened","Mammals"
"Oncorhynchus gilae","Gila trout","Wherever found","2","Threatened","Fishes"
"Fusconaia escambia","Narrow pigtoe","Wherever found","4","Threatened","Clams"
"Hemistena lata","Cracking pearlymussel","U.S.A. (TN - specified portions of the French Broad and Holston Rivers; see 17.85(b)(1))","4","Experimental Population, Non-Essential","Clams"
"Leptoxis ampla","Round rocksnail","Wherever found","4","Threatened","Snails"
"Lycaeides argyrognomon lotis","Lotis blue butterfly","Wherever found","8","Endangered","Insects"
"Notropis topeka (=tristis)","Topeka shiner","Wherever found, except where listed as an experimental population","6","Endangered","Fishes"
"Branchinecta lynchi","Vernal pool fairy shrimp","Wherever found","8","Threatened","Crustaceans"
"Medionidus simpsonianus","Ochlockonee moccasinshell","Wherever found","4","Endangered","Clams"
"Lanx sp.","Banbury Springs limpet","Wherever found","1","Endangered","Snails"
"Epioblasma brevidens","Cumberlandian combshell","Wherever found; Except where listed as Experimental Populations","4","Endangered","Clams"
"Plethobasus cicatricosus","White wartyback (pearlymussel)","Wherever found","4","Endangered","Clams"
"Plethobasus cooperianus","Orangefoot pimpleback (pearlymussel)","U.S.A. (TN - specified portions of the French Broad and Holston Rivers; see 17.85(b)(1))","4","Experimental Population, Non-Essential","Clams"
"Epioblasma triquetra","Snuffbox mussel","Wherever found","3","Endangered","Clams"
"Lampsilis perovalis","Orangenacre mucket","Wherever found","4","Threatened","Clams"
"Gymnomyza samoensis","Mao (= maomao) (honeyeater)","Wherever found","1","Endangered","Birds"
"Gila elegans","Bonytail","Wherever found","6","Endangered","Fishes"
"Thamnophis rufipunctatus","Narrow-headed gartersnake","Wherever found","2","Threatened","Reptiles"
"Epioblasma brevidens","Cumberlandian combshell","U.S.A. (TN - specified portions of the French Broad and Holston Rivers; see 17.85(b)(1))","4","Experimental Population, Non-Essential","Clams"
"Eretmochelys imbricata","Hawksbill sea turtle","Wherever found","4","Endangered","Reptiles"
"Rhadine exilis","[no common name] Beetle","Wherever found","2","Endangered","Insects"
"Cyprinodon nevadensis pectoralis","Warm Springs pupfish","Wherever found","8","Endangered","Fishes"
"Quadrula cylindrica cylindrica","Rabbitsfoot","Wherever found","4","Threatened","Clams"
"Epioblasma florentina walkeri (=E. walkeri)","Tan riffleshell","Wherever found","4","Endangered","Clams"
"Microtus pennsylvanicus dukecampbelli","Florida salt marsh vole","Wherever found","4","Endangered","Mammals"
"Cambarus zophonastes","Hell Creek Cave crayfish","Wherever found","4","Endangered","Crustaceans"
"Palaemonias alabamae","Alabama cave shrimp","Wherever found","4","Endangered","Crustaceans"
"Neonympha mitchellii mitchellii","Mitchell's satyr Butterfly","Wherever found","3","Endangered","Insects"
"Lepyrium showalteri","Flat pebblesnail","Wherever found","4","Endangered","Snails"
"Canis rufus","Red wolf","U.S.A. (portions of NC and TN)","4","Experimental Population, Non-Essential","Mammals"
"Epioblasma brevidens","Cumberlandian combshell","AL; Free-Flowing Reach of the Tennessee River below the Wilson Dam, Colbert and Lauderdale Counties, AL","4","Experimental Population, Non-Essential","Clams"
"Plagopterus argentissimus","Woundfin","Gila R. drainage, AZ, NM","6","Experimental Population, Non-Essential","Fishes"
"Corynorhinus (=Plecotus) townsendii virginianus","Virginia big-eared bat","Wherever found","5","Endangered","Mammals"
"Quadrula sparsa","Appalachian monkeyface (pearlymussel)","USA (TN - specified portions of the French Broad and Holston Rivers; see 17.85(b)(1))","4","Experimental Population, Non-Essential","Clams"
"Epioblasma capsaeformis","Oyster mussel","Wherever found; Except where listed as Experimental Populations","4","Endangered","Clams"
"Rallus owstoni","Guam rail","Rota","1","Experimental Population, Non-Essential","Birds"
"Fusconaia burkei","Tapered pigtoe","Wherever found","4","Threatened","Clams"
"Etheostoma etowahae","Etowah darter","Wherever found","4","Endangered","Fishes"
"Amazona vittata","Puerto Rican parrot","Wherever found","4","Endangered","Birds"
"Elassoma alabamae","Spring pygmy sunfish","Wherever found","4","Threatened","Fishes"
"Peromyscus polionotus ammobates","Alabama beach mouse","Wherever found","4","Endangered","Mammals"
"Drosophila aglaia","Hawaiian picture-wing fly","Wherever found","1","Endangered","Insects"
"Scaphirhynchus suttkusi","Alabama sturgeon","Wherever found","4","Endangered","Fishes"
"Palmeria dolei","crested honeycreeper (Akohekohe)","Wherever found","1","Endangered","Birds"
"Batrisodes texanus","Coffin Cave mold beetle","Wherever found","2","Endangered","Insects"
"Polysticta stelleri","Steller's Eider","AK breeding pop.","7","Threatened","Birds"
"Peromyscus gossypinus allapaticola","Key Largo cotton mouse","Wherever found","4","Endangered","Mammals"
"Pleurobema curtum","Black clubshell","Wherever found","4","Endangered","Clams"
"Tryonia cheatumi","Phantom Tryonia","Wherever found","2","Endangered","Snails"
"Lirceus usdagalun","Lee County cave isopod","Wherever found","5","Endangered","Crustaceans"
"Peromyscus polionotus peninsularis","St. Andrew beach mouse","Wherever found","4","Endangered","Mammals"
"Pseudonestor xanthophrys","Maui parrotbill (Kiwikiu)","Wherever found","1","Endangered","Birds"
"Medionidus penicillatus","Gulf moccasinshell","Wherever found","4","Endangered","Clams"
"Caretta caretta","Loggerhead sea turtle","Northwest Atlantic Ocean DPS","4","Threatened","Reptiles"
"Percina aurolineata","Goldline darter","Wherever found","4","Threatened","Fishes"
"Zosterops conspicillatus conspicillatus","Bridled white-eye","Wherever found","1","Endangered","Birds"
"Notropis mekistocholas","Cape Fear shiner","Wherever found","4","Endangered","Fishes"
"Potamilus inflatus","Inflated heelsplitter","Wherever found","4","Threatened","Clams"
"Etheostoma chermocki","Vermilion darter","Wherever found","4","Endangered","Fishes"
"Thamnophis gigas","Giant garter snake","Wherever found","8","Threatened","Reptiles"
"Alasmidonta raveneliana","Appalachian elktoe","Wherever found","4","Endangered","Clams"
"Rallus owstoni","Guam rail","Wherever found, except where listed as an experimental population","1","Endangered","Birds"
"Lioplax cyclostomaformis","Cylindrical lioplax (snail)","Wherever found","4","Endangered","Snails"
"Oncorhynchus apache","Apache trout","Wherever found","2","Threatened","Fishes"
"Eremophila alpestris strigata","Streaked Horned lark","Wherever found","1","Threatened","Birds"
"Leopardus (=Felis) wiedii","Margay","Wherever found","2","Endangered","Mammals"
"Hemistena lata","Cracking pearlymussel","Wherever found; Except where listed as Experimental Populations","4","Endangered","Clams"
"Hylaeus assimulans","Assimulans yellow-faced bee","Wherever found","1","Endangered","Insects"
"Palaemonias ganteri","Kentucky cave shrimp","Wherever found","4","Endangered","Crustaceans"
"Megalagrion nigrohamatum nigrolineatum","Blackline Hawaiian damselfly","Wherever found","1","Endangered","Insects"
"Ptychocheilus lucius","Colorado pikeminnow (=squawfish)","Salt and Verde R. drainages, AZ","6","Experimental Population, Non-Essential","Fishes"
"Campeloma decampi","Slender campeloma","Wherever found","4","Endangered","Snails"
"Physa natricina","Snake River physa snail","Wherever found","1","Endangered","Snails"
"Gila bicolor ssp.","Hutton tui chub","Wherever found","1","Threatened","Fishes"
"Amphispiza belli clementeae","San Clemente sage sparrow","Wherever found","8","Threatened","Birds"
"Hylaeus kuakea","Hawaiian yellow-faced bee","Wherever found","1","Endangered","Insects"
"Elliptio spinosa","Altamaha Spinymussel","Wherever found","4","Endangered","Clams"
"Adelocosa anops","Kauai cave wolf or pe'e pe'e maka 'ole spider","Wherever found","1","Endangered","Arachnids"
"Eleutherodactylus juanariveroi","Llanero Coqui","Wherever found","4","Endangered","Amphibians"
"Trichechus manatus","West Indian Manatee","Wherever found","4","Threatened","Mammals"
"Rallus obsoletus [=longirostris] yumanensis","Yuma Ridgways (clapper) rail","Wherever found","2","Endangered","Birds"
"Gopherus polyphemus","Gopher tortoise","West of Mobile and Tombigbee Rivers","4","Threatened","Reptiles"
"Noturus crypticus","Chucky Madtom","Wherever found","4","Endangered","Fishes"
"Helminthoglypta walkeriana","Morro shoulderband (=Banded dune) snail","Wherever found","8","Endangered","Snails"
"Etheostoma wapiti","Boulder darter","Shoal Creek","4","Experimental Population, Non-Essential","Fishes"
"Thamnophis sirtalis tetrataenia","San Francisco garter snake","Wherever found","8","Endangered","Reptiles"
"Chilabothrus granti","Virgin Islands tree boa","Wherever found","4","Endangered","Reptiles"
"Eurycea nana","San Marcos salamander","Wherever found","2","Threatened","Amphibians"
"Clemmys muhlenbergii","bog turtle","Wherever found, except GA, NC, SC, TN, VA","5","Threatened","Reptiles"
"Fusconaia cuneolus","Finerayed pigtoe","AL; Free-Flowing Reach of the Tennessee River below the Wilson Dam, Colbert and Lauderdale Counties, AL","4","Experimental Population, Non-Essential","Clams"
"Orconectes shoupi","Nashville crayfish","Wherever found","4","Endangered","Crustaceans"
"Euproserpinus euterpe","Kern primrose sphinx moth","Wherever found","8","Threatened","Insects"
"Pleurobema plenum","Rough pigtoe","Wherever found","4","Endangered","Clams"
"Zapus hudsonius preblei","Preble's meadow jumping mouse","wherever found","6","Threatened","Mammals"
"Centrocercus minimus","Gunnison sage-grouse","Wherever found","6","Threatened","Birds"
"Ptychobranchus jonesi","Southern kidneyshell","Wherever found","4","Endangered","Clams"
"Stygobromus (=Stygonectes) pecki","Peck's cave amphipod","Wherever found","2","Endangered","Crustaceans"
"Leopardus (=Felis) pardalis","Ocelot","wherever found","2","Endangered","Mammals"
"Leptonycteris nivalis","Mexican long-nosed bat","Wherever found","2","Endangered","Mammals"
"Ammodramus maritimus mirabilis","Cape Sable seaside sparrow","Wherever found","4","Endangered","Birds"
"Epioblasma florentina curtisii","Curtis pearlymussel","Wherever found","3","Endangered","Clams"
"Oarisma poweshiek","Poweshiek skipperling","Wherever found","3","Endangered","Insects"
"Charadrius melodus","Piping Plover","[Great Lakes watershed DPS] - Great Lakes, watershed in States of IL, IN, MI, MN, NY, OH, PA, and WI and Canada (Ont.)","3","Endangered","Birds"
"Vermivora bachmanii","Bachman's warbler (=wood)","Wherever found","4","Endangered","Birds"
"Lasmigona decorata","Carolina heelsplitter","Wherever found","4","Endangered","Clams"
"Fusconaia cor","Shiny pigtoe","U.S.A. (TN - specified portions of the French Broad and Holston Rivers; see 17.85(b)(1))","4","Experimental Population, Non-Essential","Clams"
"Oncorhynchus clarkii stomias","Greenback Cutthroat trout","Wherever found","6","Threatened","Fishes"
"Antilocapra americana sonoriensis","Sonoran pronghorn","U.S.A. (AZ), Mexico","2","Experimental Population, Non-Essential","Mammals"
"Rana sevosa","dusky gopher frog","Wherever found","4","Endangered","Amphibians"
"Gila seminuda (=robusta)","Virgin River Chub","Wherever found","6","Endangered","Fishes"
"Cryptobranchus alleganiensis alleganiensis","Eastern Hellbender Missouri DPS","Missouri DPS","3","Endangered","Amphibians"
"Gila bicolor ssp. snyderi","Owens Tui Chub","Wherever found","8","Endangered","Fishes"
"Epioblasma obliquata obliquata","Purple Cat's paw (=Purple Cat's paw pearlymussel)","AL; Free-Flowing Reach of the Tennessee River below the Wilson Dam, Colbert and Lauderdale Counties, AL","3","Experimental Population, Non-Essential","Clams"
"Hybognathus amarus","Rio Grande Silvery Minnow","Wherever found, except where listed as an experimental population","2","Endangered","Fishes"
"Noturus trautmani","Scioto madtom","Wherever found","3","Endangered","Fishes"
"Megalagrion oceanicum","Oceanic Hawaiian damselfly","Wherever found","1","Endangered","Insects"
"Ptychobranchus greenii","Triangular Kidneyshell","Wherever found","4","Endangered","Clams"
"Thomomys mazama yelmensis","Yelm pocket gopher","Wherever found","1","Threatened","Mammals"
"Gymnogyps californianus","California condor","U.S.A. only, except where listed as an experimental population","8","Endangered","Birds"
"Pegias fabula","Littlewing pearlymussel","Wherever found","4","Endangered","Clams"
"Grus americana","Whooping crane","U.S.A. (AL, AR, CO, FL, GA, ID, IL, IN, IA, KY, LA, MI, MN, MS, MO, NC, NM, OH, SC, TN, UT, VA, WI, WV, western half of WY)","2","Experimental Population, Non-Essential","Birds"
"Drosophila musaphilia","Hawaiian picture-wing fly","Wherever found","1","Endangered","Insects"
"Catostomus santaanae","Santa Ana sucker","3 CA river basins","8","Threatened","Fishes"
"Boloria acrocnema","Uncompahgre fritillary butterfly","Wherever found","6","Endangered","Insects"
"Puffinus auricularis newelli","Newell's Townsend's shearwater","Wherever found","1","Threatened","Birds"
"Ameiva polops","St. Croix ground lizard","Wherever found","4","Endangered","Reptiles"
"Callophrys mossii bayensis","San Bruno elfin butterfly","Wherever found","8","Endangered","Insects"
"Quadrula sparsa","Appalachian monkeyface (pearlymussel)","Wherever found","5","Endangered","Clams"
"Quadrula intermedia","Cumberland monkeyface (pearlymussel)","Wherever found; Except where listed as Experimental Populations","4","Endangered","Clams"
"Samoana fragilis","Fragile tree snail","Wherever found","1","Endangered","Snails"
"Etheostoma chienense","Relict darter","Wherever found","4","Endangered","Fishes"
"Zosterops rotensis","Rota bridled White-eye","Wherever found","1","Endangered","Birds"
"Amblema neislerii","Fat threeridge (mussel)","Wherever found","4","Endangered","Clams"
"Etheostoma percnurum","Duskytail darter","Wherever found","4","Endangered","Fishes"
"Villosa trabalis","Cumberland bean (pearlymussel)","AL; Free-Flowing Reach of the Tennessee River below the Wilson Dam, Colbert and Lauderdale Counties, AL","4","Experimental Population, Non-Essential","Clams"
"Rana sierrae","Sierra Nevada Yellow-legged Frog","Wherever found","8","Endangered","Amphibians"
"Noturus furiosus","Carolina madtom","Wherever found","4","Endangered","Fishes"
"Potamilus capax","Fat pocketbook","Wherever found","4","Endangered","Clams"
"Peromyscus polionotus allophrys","Choctawhatchee beach mouse","Wherever found","4","Endangered","Mammals"
"Neoseps reynoldsi","Sand skink","Wherever found","4","Threatened","Reptiles"
"Peromyscus polionotus niveiventris","Southeastern beach mouse","wherever found","4","Threatened","Mammals"
"Gallinula chloropus guami","Mariana common moorhen","Wherever found","1","Endangered","Birds"
"Lepidomeda mollispinis pratensis","Big Spring spinedace","Wherever found","8","Threatened","Fishes"
"Lepidomeda vittata","Little Colorado spinedace","Wherever found","2","Threatened","Fishes"
"Epioblasma turgidula","Turgid blossom (pearlymussel)","AL; Free-Flowing Reach of the Tennessee River below the Wilson Dam, Colbert and Lauderdale Counties, AL","4","Experimental Population, Non-Essential","Clams"
"Rallus longirostris levipes","Light-footed clapper rail","Wherever found","8","Endangered","Birds"
"Plethobasus cooperianus","Orangefoot pimpleback (pearlymussel)","Wherever found","4","Endangered","Clams"
"Desmocerus californicus dimorphus","Valley elderberry longhorn beetle","Wherever found","8","Threatened","Insects"
"Stygoparnus comalensis","Comal Springs dryopid beetle","Wherever found","2","Endangered","Insects"
"Rana draytonii","California red-legged frog","Wherever found","8","Threatened","Amphibians"
"Cottus paulus (=pygmaeus)","Pygmy Sculpin","Wherever found","4","Threatened","Fishes"
"Fusconaia rotulata","Round Ebonyshell","Wherever found","4","Endangered","Clams"
"Ovis canadensis sierrae","Sierra Nevada bighorn sheep","Sierra Nevada","8","Endangered","Mammals"
"Pyrgulopsis texana","Phantom Springsnail","Wherever found","2","Endangered","Snails"
"Loxops caeruleirostris","Akekee","Wherever found","1","Endangered","Birds"
"Notropis girardi","Arkansas River shiner","Arkansas River Basin (AR, KS, NM, OK, TX)","2","Threatened","Fishes"
"Gambusia georgei","San Marcos gambusia","Wherever found","2","Endangered","Fishes"
"Vulpes macrotis mutica","San Joaquin kit fox","wherever found","8","Endangered","Mammals"
"Cyprinella formosa","Beautiful shiner","Wherever found","2","Threatened","Fishes"
"Eumeces egregius lividus","Bluetail mole skink","Wherever found","4","Threatened","Reptiles"
"Cicurina vespera","Government Canyon Bat Cave Meshweaver","Wherever found","2","Endangered","Arachnids"
"Athearnia anthonyi","Anthony's riversnail","AL; Free-Flowing Reach of the Tennessee River below the Wilson Dam, Colbert and Lauderdale Counties, AL","4","Experimental Population, Non-Essential","Snails"
"Anaxyrus californicus","Arroyo (=arroyo southwestern) toad","Wherever found","8","Endangered","Amphibians"
"Eua zebrina","Snail [no common name]","Wherever found","1","Endangered","Snails"
"Icaricia icarioides fenderi","Fender's blue butterfly","Wherever found","1","Endangered","Insects"
"Plethodon nettingi","Cheat Mountain salamander","Wherever found","5","Threatened","Amphibians"
"Zapus hudsonius luteus","New Mexico meadow jumping mouse","Wherever found","2","Endangered","Mammals"
"Bufo houstonensis","Houston toad","Wherever found","2","Endangered","Amphibians"
"Poeciliopsis occidentalis","Gila topminnow (incl. Yaqui)","Wherever found","2","Endangered","Fishes"
"Cyprinodon elegans","Comanche Springs pupfish","Wherever found","2","Endangered","Fishes"
"Brachylagus idahoensis","Columbia Basin Pygmy Rabbit","Columbia Basin DPS","1","Endangered","Mammals"
"Lednia tumana","Meltwater lednian stonefly","Wherever found","6","Threatened","Insects"
"Numenius borealis","Eskimo curlew","Wherever found","7","Endangered","Birds"
"Halcyon cinnamomina cinnamomina","Guam Micronesian kingfisher","Wherever found","1","Endangered","Birds"
"Emoia slevini","Slevin's skink","Wherever found","1","Endangered","Reptiles"
"Gopherus agassizii","Desert tortoise","AZ south and east of Colorado R., and Mexico, when found outside of Mexico or said range in AZ","8","Similarity of Appearance (Threatened)","Reptiles"
"Elliptio lanceolata","Yellow lance","Wherever found","4","Threatened","Clams"
"Toxolasma cylindrellus","Pale lilliput (pearlymussel)","Wherever found","4","Endangered","Clams"
"Scaphirhynchus platorynchus","Shovelnose Sturgeon","Wherever found","6","Similarity of Appearance (Threatened)","Fishes"
"Polyborus plancus audubonii","Audubon's crested caracara","FL pop.","4","Threatened","Birds"
"Cambarus cracens","Slenderclaw crayfish","Wherever found","4","Endangered","Crustaceans"
"Mesodon clarki nantahala","noonday snail","Wherever found","4","Threatened","Snails"
"Eleutherodactylus jasperi","Golden coqui","Wherever found","4","Threatened","Amphibians"
"Gila bicolor ssp. mohavensis","Mohave tui chub","Wherever found","8","Endangered","Fishes"
"Etheostoma nuchale","Watercress darter","Wherever found","4","Endangered","Fishes"
"Noturus baileyi","Smoky madtom","Tellico River, TN","4","Experimental Population, Non-Essential","Fishes"
"Bufo hemiophrys baxteri","Wyoming Toad","Wherever found","6","Endangered","Amphibians"
"Lemiox rimosus","Birdwing pearlymussel","AL; Free-Flowing Reach of the Tennessee River below the Wilson Dam, Colbert, and Lauderdale Counties, AL","4","Experimental Population, Non-Essential","Clams"
"Somateria fischeri","Spectacled eider","Wherever found","7","Threatened","Birds"
"Rana muscosa","Mountain yellow-legged frog","Southern California DPS","8","Endangered","Amphibians"
"Medionidus parvulus","Coosa moccasinshell","Wherever found","4","Endangered","Clams"
"Apodemia mormo langei","Lange's metalmark butterfly","Wherever found","8","Endangered","Insects"
"Pleurobema plenum","Rough pigtoe","U.S.A. (TN - specified portions of the French Broad and Holston Rivers; see 17.85(b)(1))","4","Experimental Population, Non-Essential","Clams"
"Rhynchopsitta pachyrhyncha","Thick-billed parrot","Wherever found","2","Endangered","Birds"
"Tulotoma magnifica","Tulotoma snail","Wherever found","4","Threatened","Snails"
"Arkansia wheeleri","Ouachita rock pocketbook","Wherever found","2","Endangered","Clams"
"Etheostoma percnurum","Duskytail darter","U.S.A. (TN - specified portions of the French Broad and Holston Rivers; see 17.84(q)(1)(ii))","4","Experimental Population, Non-Essential","Fishes"
"Meda fulgida","Spikedace","Wherever found","2","Endangered","Fishes"
"Etheostoma susanae","Cumberland darter","Wherever found","4","Endangered","Fishes"
"Pleurobema marshalli","Flat pigtoe","Wherever found","4","Endangered","Clams"
"Quadrula stapes","Stirrupshell","Wherever found","4","Endangered","Clams"
"Branta (=Nesochen) sandvicensis","Hawaiian goose","Wherever found","1","Threatened","Birds"
"Leptotes cassius theonus","Cassius Blue Butterfly","Wherever found","4","Similarity of Appearance (Threatened)","Insects"
"Etheostoma rubrum","Bayou darter","Wherever found","4","Threatened","Fishes"
"Myadestes lanaiensis rutha","Molokai thrush","Wherever found","1","Endangered","Birds"
"Moapa coriacea","Moapa dace","Wherever found","8","Endangered","Fishes"
"Fusconaia cor","Shiny pigtoe","Wherever found; Except where listed as Experimental Populations","4","Endangered","Clams"
"Notropis topeka (=tristis)","Topeka shiner","U.S.A. (MO-specified portions of Little Creek, Big Muddy Creek, and Spring Creek watersheds in Adair, Gentry, Harrison, Putnam, Sullivan, and Worth Counties; see 17.84(d)(1)(i))","3","Experimental Population, Non-Essential","Fishes"
"Cottus specus","Grotto Sculpin","Wherever found","3","Endangered","Fishes"
"Pseudemys alabamensis","Alabama red-bellied turtle","Wherever found","4","Endangered","Reptiles"
"Speyeria callippe callippe","Callippe silverspot butterfly","Wherever found","8","Endangered","Insects"
"Lepidochelys kempii","Kemp's ridley sea turtle","Wherever found","2","Endangered","Reptiles"
"Epioblasma penita","Southern combshell","Wherever found","4","Endangered","Clams"
"Alasmidonta heterodon","Dwarf wedgemussel","Wherever found","5","Endangered","Clams"
"Pyrgulopsis chupaderae","Chupadera springsnail","Wherever found","2","Endangered","Snails"
"Hybognathus amarus","Rio Grande Silvery Minnow","Rio Grande, from Little Box Canyon to Amistad Dam","2","Experimental Population, Non-Essential","Fishes"
"Pleurobema collina","James spinymussel","Wherever found","5","Endangered","Clams"
"Elimia crenatella","Lacy elimia (snail)","Wherever found","4","Threatened","Snails"
"Speyeria zerene behrensii","Behren's silverspot butterfly","Wherever found","8","Endangered","Insects"
"Kinosternon sonoriense longifemorale","Sonoyta mud turtle","Wherever found","2","Endangered","Reptiles"
"Gammarus desperatus","Noel's Amphipod","Wherever found","2","Endangered","Crustaceans"
"Ambystoma californiense","California tiger Salamander","U.S.A. (CA - Sonoma County)","8","Endangered","Amphibians"
"Nicrophorus americanus","American burying beetle","Ex Pop, SW Missouri","3","Experimental Population, Non-Essential","Insects"
"Tartarocreagris texana","Tooth Cave pseudoscorpion","Wherever found","2","Endangered","Arachnids"
"Microhexura montivaga","Spruce-fir moss spider","Wherever found","4","Endangered","Arachnids"
"Puma (=Felis) concolor coryi","Florida panther","Wherever found","4","Endangered","Mammals"
"Eurycea naufragia","Georgetown Salamander","Wherever found","2","Threatened","Amphibians"
"Tamiasciurus hudsonicus grahamensis","Mount Graham red squirrel","Wherever found","2","Endangered","Mammals"
"Gila intermedia","Gila chub","Wherever found","2","Endangered","Fishes"
"Peltophryne lemur","Puerto Rican crested toad","Wherever found","4","Threatened","Amphibians"
"Acipenser transmontanus","White sturgeon","U.S.A. (ID, MT), Canada (B.C.), Kootenai R. system","1","Endangered","Fishes"
"Ambystoma californiense","California tiger Salamander","U.S.A. (Central CA DPS)","8","Threatened","Amphibians"
"Colinus virginianus ridgwayi","Masked bobwhite (quail)","Wherever found","2","Endangered","Birds"
"Pituophis ruthveni","Louisiana pinesnake","Wherever found","4","Threatened","Reptiles"
"Euphilotes enoptes smithi","Smith's blue butterfly","Wherever found","8","Endangered","Insects"
"Drosophila tarphytrichia","Hawaiian picture-wing fly","Wherever found","1","Endangered","Insects"
"Graptemys oculifera","Ringed map turtle","Wherever found","4","Threatened","Reptiles"
"Cynomys parvidens","Utah prairie dog","Wherever found","6","Threatened","Mammals"
"Cyprinodon macularius","Desert pupfish","Wherever found","2","Endangered","Fishes"
"Gammarus acherondytes","Illinois cave amphipod","Wherever found","3","Endangered","Crustaceans"
"Rangifer tarandus ssp. caribou","Southern Mountain Caribou DPS","Southern Mountain DPS","1","Endangered","Mammals"
"Euphydryas editha bayensis","Bay checkerspot butterfly","Wherever found","8","Threatened","Insects"
"Plagopterus argentissimus","Woundfin","Wherever found, except where listed as an experimental population","6","Endangered","Fishes"
"Assiminea pecos","Pecos assiminea snail","Wherever found","2","Endangered","Snails"
"Chelonia mydas","Green sea turtle","South Atlantic DPS","4","Threatened","Reptiles"
"Neotoma floridana smalli","Key Largo woodrat","Wherever found","4","Endangered","Mammals"
"Erimonax monachus","Spotfin Chub","U.S.A. (AL, TN-specified portions of Shoal Creek; see 17.84(m)(1)(ii))","4","Experimental Population, Non-Essential","Fishes"
"Gambusia heterochir","Clear Creek gambusia","Wherever found","2","Endangered","Fishes"
"Dionda diaboli","Devils River minnow","Wherever found","2","Threatened","Fishes"
"Pyrgulopsis ogmorhaphe","Royal marstonia (snail)","Wherever found","4","Endangered","Snails"
"Empetrichthys latos","Pahrump poolfish","Wherever found","8","Endangered","Fishes"
"Pleurobema gibberum","Cumberland pigtoe","Wherever found","4","Endangered","Clams"
"Crystallaria cincotta","diamond Darter","Wherever found","5","Endangered","Fishes"
"Epioblasma torulosa rangiana","Northern riffleshell","Wherever found","5","Endangered","Clams"
"Pekania pennanti","Fisher","SSN DPS","8","Endangered","Mammals"
"Icaricia (Plebejus) shasta charlestonensis","Mount Charleston blue butterfly","Wherever found","8","Endangered","Insects"
"Drosophila heteroneura","Hawaiian picture-wing fly","Wherever found","1","Endangered","Insects"
"Athearnia anthonyi","Anthony's riversnail","U.S.A. (TN - specified portions of the French Broad and Holston Rivers; see 17.85(b)(1))","4","Experimental Population, Non-Essential","Snails"
"Bison bison athabascae","Wood Bison","Wherever found","7","Threatened","Mammals"
"Hylaeus hilaris","Hilaris yellow-faced bee","Wherever found","1","Endangered","Insects"
"Urocitellus brunneus","Northern Idaho Ground Squirrel","Wherever found","1","Threatened","Mammals"
"Etheostoma osburni","Candy darter","Wherever found","5","Endangered","Fishes"
"Pleurobema hanleyianum","Georgia pigtoe","Wherever found","4","Endangered","Clams"
"Megalagrion nesiotes","Flying earwig Hawaiian damselfly","Wherever found","1","Endangered","Insects"
"Ostodes strigatus","Snail [no common name]","Wherever found","1","Endangered","Snails"
"Calidris canutus rufa","Red knot","Wherever found","5","Threatened","Birds"
"Accipiter striatus venator","Puerto Rican sharp-shinned hawk","Wherever found","4","Endangered","Birds"
"Lampsilis subangulata","Shinyrayed pocketbook","Wherever found","4","Endangered","Clams"
"Dipodomys ingens","Giant kangaroo rat","Wherever found","8","Endangered","Mammals"
"Hylaeus longiceps","Hawaiian yellow-faced bee","Wherever found","1","Endangered","Insects"
"Epioblasma capsaeformis","Oyster mussel","U.S.A. (TN - specified portions of the French Broad and Holston Rivers; see 17.85(b)(1))","4","Experimental Population, Non-Essential","Clams"
"Pleurobema clava","Clubshell","AL; Free-Flowing Reach of the Tennessee River below the Wilson Dam, Colbert and Lauderdale Counties, AL","4","Experimental Population, Non-Essential","Clams"
"Rana pretiosa","Oregon spotted frog","Wherever found","1","Threatened","Amphibians"
"Quadrula intermedia","Cumberland monkeyface (pearlymussel)","U.S.A. (TN - specified portions of the French Broad and Holston Rivers; see 17.85(b)(1))","4","Experimental Population, Non-Essential","Clams"
"Urocyon littoralis catalinae","Santa Catalina Island Fox","Wherever found","8","Threatened","Mammals"
"Pleurobema furvum","Dark pigtoe","Wherever found","4","Endangered","Clams"
"Cicurina baronia","Robber Baron Cave Meshweaver","Wherever found","2","Endangered","Arachnids"
"Caretta caretta","Loggerhead sea turtle","North Pacific Ocean DPS","4","Endangered","Reptiles"
"Crenichthys nevadae","Railroad Valley springfish","Wherever found","8","Threatened","Fishes"
"Etheostoma boschungi","Slackwater darter","Wherever found","4","Threatened","Fishes"
"Hypolimnas octocula marianensis","Mariana eight-spot butterfly","Wherever found","1","Endangered","Insects"
"Eurycea sosorum","Barton Springs salamander","Wherever found","2","Endangered","Amphibians"
"Puma (=Felis) concolor (all subsp. except coryi)","Puma (=mountain lion)","FL","4","Similarity of Appearance (Threatened)","Mammals"
"Epicrates monensis monensis","Mona boa","Wherever found","4","Threatened","Reptiles"
"Paroreomyza maculata","Oahu creeper","Wherever found","1","Endangered","Birds"
"Rhinichthys osculus thermalis","Kendall Warm Springs dace","Wherever found","6","Endangered","Fishes"
"Pleurobema pyriforme","Oval pigtoe","Wherever found","4","Endangered","Clams"
"Cyprinodon bovinus","Leon Springs pupfish","Wherever found","2","Endangered","Fishes"
"Rhaphiomidas terminatus abdominalis","Delhi Sands flower-loving fly","Wherever found","8","Endangered","Insects"
"Aphelocoma coerulescens","Florida scrub-jay","Wherever found","4","Threatened","Birds"
"Dipodomys heermanni morroensis","Morro Bay kangaroo rat","Wherever found","8","Endangered","Mammals"
"Crenichthys baileyi baileyi","White River springfish","Wherever found","8","Endangered","Fishes"
"Fusconaia cuneolus","Finerayed pigtoe","U.S.A. (TN - specified portions of the French Broad and Holston Rivers; see 17.85(b)(1))","4","Experimental Population, Non-Essential","Clams"
"Rhadine infernalis","[no common name] Beetle","Wherever found","2","Endangered","Insects"
"Neoleptoneta microps","Government Canyon Bat Cave Spider","Wherever found","2","Endangered","Arachnids"
"Cyclura stejnegeri","Mona ground Iguana","Wherever found","4","Threatened","Reptiles"
"Hemiargus ceraunus antibubastus","Ceraunus Blue Butterfly","Wherever found","4","Similarity of Appearance (Threatened)","Insects"
"Odocoileus virginianus clavium","Key deer","Wherever found","4","Endangered","Mammals"
"Myotis grisescens","Gray bat","Wherever found","3","Endangered","Mammals"
"Chelonia mydas","Green sea turtle","Central South Pacific DPS","1","Endangered","Reptiles"
"Leptoxis taeniata","Painted rocksnail","Wherever found","4","Threatened","Snails"
"Polyphylla barbata","Mount Hermon June beetle","Wherever found","8","Endangered","Insects"
"Villosa choctawensis","Choctaw bean","Wherever found","4","Endangered","Clams"
"Anguispira picta","Painted snake coiled forest snail","Wherever found","4","Threatened","Snails"
"Glaucopsyche lygdamus palosverdesensis","Palos Verdes blue butterfly","Wherever found","8","Endangered","Insects"
"Etheostoma percnurum","Duskytail darter","Tellico River, TN","4","Experimental Population, Non-Essential","Fishes"
"Ambystoma bishopi","Reticulated flatwoods salamander","Wherever found","4","Endangered","Amphibians"
"Sternotherus depressus","Flattened musk turtle","Black Warrior R. system upstream from Bankhead Dam","4","Threatened","Reptiles"
"Coccyzus americanus","Yellow-billed Cuckoo","Western U.S. DPS","2","Threatened","Birds"
"Drosophila neoclavisetae","Hawaiian picture-wing fly","Wherever found","1","Endangered","Insects"
"Catostomus warnerensis","Warner sucker","Wherever found","1","Threatened","Fishes"
"Plethodon shenandoah","Shenandoah salamander","Wherever found","5","Endangered","Amphibians"
"Lampsilis virescens","Alabama lampmussel","AL; Free-Flowing Reach of the Tennessee River below the Wilson Dam, Colbert and Lauderdale Counties, AL","4","Experimental Population, Non-Essential","Clams"
"Pyrgulopsis (=Marstonia) pachyta","Armored snail","Wherever found","4","Endangered","Snails"
"Rhinichthys osculus oligoporus","Clover Valley speckled dace","Wherever found","8","Endangered","Fishes"
"Uma inornata","Coachella Valley fringe-toed lizard","Wherever found","8","Threatened","Reptiles"
"Neonympha mitchellii francisci","Saint Francis' satyr butterfly","Wherever found","4","Endangered","Insects"
"Hamiota australis","Southern Sandshell","Wherever found","4","Threatened","Clams"
"Noturus stanauli","Pygmy madtom","U.S.A. (TN - specified portions of the French Broad and Holston Rivers; see 17.84(t)(1)(i))","4","Experimental Population, Non-Essential","Fishes"
"Noturus flavipinnis","Yellowfin madtom","U.S.A. (TN - specified portions of the French Broad and Holston Rivers; see 17.84(e)(1)(iii))","4","Experimental Population, Non-Essential","Fishes"
"Newcombia cumingi","Newcomb's Tree snail","Wherever found","1","Endangered","Snails"
"Gambelia silus","Blunt-nosed leopard lizard","Wherever found","8","Endangered","Reptiles"
"Pleurobema georgianum","Southern pigtoe","Wherever found","4","Endangered","Clams"
"Columba inornata wetmorei","Puerto Rican plain Pigeon","Wherever found","4","Endangered","Birds"
"Vireo bellii pusillus","Least Bell's vireo","Wherever found","8","Endangered","Birds"
"Thamnophis eques megalops","Northern Mexican gartersnake","Wherever found","2","Threatened","Reptiles"
"Texella reyesi","Bone Cave harvestman","Wherever found","2","Endangered","Arachnids"
"Spelaeorchestia koloana","Kauai cave amphipod","Wherever found","1","Endangered","Crustaceans"
"Euphydryas editha quino (=E. e. wrighti)","Quino checkerspot butterfly","Wherever found","8","Endangered","Insects"
"Triodopsis platysayoides","Flat-spired three-toothed Snail","Wherever found","5","Threatened","Snails"
"Pteropus tokudae","Little Mariana fruit Bat","Wherever found","1","Endangered","Mammals"
"Chelonia mydas","Green sea turtle","Central North Pacific DPS","1","Threatened","Reptiles"
"Ambystoma macrodactylum croceum","Santa Cruz long-toed salamander","Wherever found","8","Endangered","Amphibians"
"Plethodon neomexicanus","Jemez Mountains salamander","Wherever found","2","Endangered","Amphibians"
"Grus americana","Whooping crane","U.S.A (Southwestern Louisiana)","4","Experimental Population, Non-Essential","Birds"
"Megalagrion leptodemas","Crimson Hawaiian damselfly","Wherever found","1","Endangered","Insects"
"Etheostoma trisella","Trispot darter","Wherever found","4","Threatened","Fishes"
"Cicindela dorsalis dorsalis","Northeastern beach tiger beetle","Wherever found","5","Threatened","Insects"
"Margaritifera hembeli","Louisiana pearlshell","Wherever found","4","Threatened","Clams"
"Partula langfordi","Langford's tree snail","Wherever found","1","Endangered","Snails"
"Alligator mississippiensis","American alligator","Wherever found","4","Similarity of Appearance (Threatened)","Reptiles"
"Pleurobema strodeanum","Fuzzy pigtoe","Wherever found","4","Threatened","Clams"
"Brychius hungerfordi","Hungerford's crawling water Beetle","Wherever found","3","Endangered","Insects"
"Acrocephalus familiaris kingi","Nihoa millerbird (old world warbler)","Wherever found","1","Endangered","Birds"
"Oreomystis bairdi","Akikiki","Wherever found","1","Endangered","Birds"
"Fundulus julisia","Barrens topminnow","Wherever found","4","Endangered","Fishes"
"Eurycea waterlooensis","Austin blind Salamander","Wherever found","2","Endangered","Amphibians"
"Lycaeides melissa samuelis","Karner blue butterfly","Wherever found","3","Endangered","Insects"
"Rallus longirostris obsoletus","California clapper rail","Wherever found","8","Endangered","Birds"
"Percina tanasi","Snail darter","Wherever found","4","Threatened","Fishes"
"Chelonia mydas","Green sea turtle","Central West Pacific DPS","1","Endangered","Reptiles"
"Agelaius xanthomus","Yellow-shouldered blackbird","Wherever found","4","Endangered","Birds"
"Neotoma fuscipes riparia","Riparian woodrat (=San Joaquin Valley)","Wherever found","8","Endangered","Mammals"
"Plethobasus cyphyus","Sheepnose Mussel","Wherever found","3","Endangered","Clams"
"Rana chiricahuensis","Chiricahua leopard frog","Wherever found","2","Threatened","Amphibians"
"Hypomesus transpacificus","Delta smelt","Wherever found","8","Threatened","Fishes"
"Melamprosops phaeosoma","Po`ouli (honeycreeper)","Wherever found","1","Endangered","Birds"
"Erimonax monachus","Spotfin Chub","U.S.A. (TN-specified portions of the French Broad and Holston Rivers; see 17.84(m)(1)(iii))","4","Experimental Population, Non-Essential","Fishes"
"Eurycea tonkawae","Jollyville Plateau Salamander","Wherever found","2","Threatened","Amphibians"
"Dipodomys merriami parvus","San Bernardino Merriam's kangaroo rat","Wherever found","8","Endangered","Mammals"
"Odocoileus virginianus leucurus","Columbian white-tailed deer","Columbia River DPS","1","Threatened","Mammals"
"Emballonura semicaudata semicaudata","Pacific sheath-tailed Bat","American Samoa","1","Endangered","Mammals"
"Hylaeus mana","Hawaiian yellow-faced bee","Wherever found","1","Endangered","Insects"
"Epioblasma florentina florentina","Yellow blossom (pearlymussel)","Wherever found; Except where listed as Experimental Populations","4","Endangered","Clams"
"Moho braccatus","Kauai `o`o (honeyeater)","Wherever found","1","Endangered","Birds"
"Antrobia culveri","Tumbling Creek cavesnail","Wherever found","3","Endangered","Snails"
"Leptoxis foremani","Interrupted (=Georgia) Rocksnail","Wherever found","4","Endangered","Snails"
"Peromyscus polionotus trissyllepsis","Perdido Key beach mouse","Wherever found","4","Endangered","Mammals"
"Pteropus mariannus mariannus","Mariana fruit Bat (=Mariana flying fox)","Wherever found","1","Threatened","Mammals"
"Branchinecta longiantenna","Longhorn fairy shrimp","Wherever found","8","Endangered","Crustaceans"
"Panthera onca","Jaguar","Wherever found","2","Endangered","Mammals"
"Drosophila mulli","Hawaiian picture-wing fly","Wherever found","1","Threatened","Insects"
"Mustela nigripes","Black-footed ferret","U.S.A. (WY and specified portions of AZ, CO, MT, SD, and UT, see 17.84(g)(9))","6","Experimental Population, Non-Essential","Mammals"
"Drymarchon corais couperi","Eastern indigo snake","Wherever found","4","Threatened","Reptiles"
"Glaucomys sabrinus coloratus","Carolina northern flying squirrel","Wherever found","4","Endangered","Mammals"
"Manduca blackburni","Blackburn's sphinx moth","Wherever found","1","Endangered","Insects"
"Tryonia circumstriata (=stocktonensis)","Gonzales tryonia","Wherever found","2","Endangered","Snails"
"Branchinecta conservatio","Conservancy fairy shrimp","Wherever found","8","Endangered","Crustaceans"
"Empidonax traillii extimus","Southwestern willow flycatcher","Wherever found","2","Endangered","Birds"
"Gasterosteus aculeatus williamsoni","Unarmored threespine stickleback","Wherever found","8","Endangered","Fishes"
"Strix occidentalis lucida","Mexican spotted owl","Wherever found","2","Threatened","Birds"
"Canis rufus","Red wolf","Wherever found, except where listed as an experimental population","4","Endangered","Mammals"
"Falco femoralis septentrionalis","Northern Aplomado Falcon","U.S.A (AZ, NM)","2","Experimental Population, Non-Essential","Birds"
"Necturus lewisi","Neuse River waterdog","Wherever found","4","Threatened","Amphibians"
"Oryzomys palustris natator","Silver rice rat","lower FL Keys","4","Endangered","Mammals"
"Pleurobema perovatum","Ovate clubshell","Wherever found","4","Endangered","Clams"
"Percina pantherina","Leopard darter","Wherever found","2","Threatened","Fishes"
"Cyclargus ammon","Nickerbean Blue Butterfly","Wherever found","4","Similarity of Appearance (Threatened)","Insects"
"Ursus arctos horribilis","Grizzly bear","U.S.A., conterminous (lower 48) States, except where listed as an experimental population","6","Threatened","Mammals"
"Ursus maritimus","Polar bear","Wherever found","7","Threatened","Mammals"
"Drosophila substenoptera","Hawaiian picture-wing fly","Wherever found","1","Endangered","Insects"
"Mycteria americana","Wood stork","AL, FL, GA, MS, NC, SC","4","Threatened","Birds"
"Microtus californicus scirpensis","Amargosa vole","Wherever found","8","Endangered","Mammals"
"Icaricia icarioides missionensis","Mission blue butterfly","Wherever found","8","Endangered","Insects"
"Chelonia mydas","Green sea turtle","East Pacific DPS","8","Threatened","Reptiles"
"Eumops floridanus","Florida bonneted bat","Wherever found","4","Endangered","Mammals"
"Quadrula fragosa","Winged Mapleleaf","Wherever found, except where listed as an experimental population","3","Endangered","Clams"
"Notropis simus pecosensis","Pecos bluntnose shiner","Wherever found","2","Threatened","Fishes"
"Megapodius laperouse","Micronesian megapode","Wherever found","1","Endangered","Birds"
"Heterelmis comalensis","Comal Springs riffle beetle","Wherever found","2","Endangered","Insects"
"Texella cokendolpheri","Cokendolpher Cave Harvestman","Wherever found","2","Endangered","Arachnids"
"Ptychocheilus lucius","Colorado pikeminnow (=squawfish)","Wherever found, except where listed as an experimental population","6","Endangered","Fishes"
"Cyprinella caerulea","Blue shiner","Wherever found","4","Threatened","Fishes"
"Lemiox rimosus","Birdwing pearlymussel","U.S.A. (TN - specified portions of the French Broad and Holston Rivers; see 17.85(b)(1))","4","Experimental Population, Non-Essential","Clams"
"Villosa fabalis","Rayed Bean","Wherever found","3","Endangered","Clams"
"Drosophila obatai","Hawaiian picture-wing fly","Wherever found","1","Endangered","Insects"
"Epioblasma obliquata obliquata","Purple Cat's paw (=Purple Cat's paw pearlymussel)","Wherever found; Except where listed as Experimental Populations","3","Endangered","Clams"
"Rostrhamus sociabilis plumbeus","Everglade snail kite","Wherever found","4","Endangered","Birds"
"Hemignathus affinis","Maui nukupuu","Wherever found","1","Endangered","Birds"
"Thermosphaeroma thermophilus","Socorro isopod","Wherever found","2","Endangered","Crustaceans"
"Strix occidentalis caurina","Northern spotted owl","Wherever found","1","Threatened","Birds"
"Sterna antillarum browni","California least tern","Wherever found","8","Endangered","Birds"