"Scientific Name","Common Name","Where Listed","Region  ","ESA Listing Status  ","Group"
"Pediocactus knowltonii","Knowlton's cactus","Wherever found","2","Endangered","Flowering Plants"
"Schiedea sarmentosa","No common name","Wherever found","1","Endangered","Flowering Plants"
"Deinandra increscens ssp. villosa","Gaviota Tarplant","Wherever found","8","Endangered","Flowering Plants"
"Silene lanceolata","No common name","Wherever found","1","Endangered","Flowering Plants"
"Bidens campylotheca ssp. waihoiensis","Ko`oko`olau","Wherever found","1","Endangered","Flowering Plants"
"Remya mauiensis","Maui remya","Wherever found","1","Endangered","Flowering Plants"
"Keysseria (=Lagenifera) helenae","No common name","Wherever found","1","Endangered","Flowering Plants"
"Orcuttia tenuis","Slender Orcutt grass","Wherever found","8","Threatened","Flowering Plants"
"Calyptranthes thomasiana","No common name","Wherever found","4","Endangered","Flowering Plants"
"Peucedanum sandwicense","Makou","Wherever found","1","Threatened","Flowering Plants"
"Astragalus osterhoutii","Osterhout milkvetch","Wherever found","6","Endangered","Flowering Plants"
"Amaranthus pumilus","Seabeach amaranth","Wherever found","4","Threatened","Flowering Plants"
"Schiedea viscosa","No common name","Wherever found","1","Endangered","Flowering Plants"
"Astragalus lentiginosus var. piscinensis","Fish Slough milk-vetch","Wherever found","8","Threatened","Flowering Plants"
"Erysimum teretifolium","Ben Lomond wallflower","Wherever found","8","Endangered","Flowering Plants"
"Abutilon sandwicense","No common name","Wherever found","1","Endangered","Flowering Plants"
"Solanum incompletum","Popolo ku mai","Wherever found","1","Endangered","Flowering Plants"
"Thelypteris verecunda","No common name","Wherever found","4","Endangered","Ferns and Allies"
"Cyanea glabra","Haha","Wherever found","1","Endangered","Flowering Plants"
"Conradina glabra","Apalachicola rosemary","Wherever found","4","Endangered","Flowering Plants"
"Labordia helleri","Kamakahala","Wherever found","1","Endangered","Flowering Plants"
"Asplenium peruvianum var. insulare","No common name","Wherever found","1","Endangered","Ferns and Allies"
"Platydesma cornuta var. decurrens","No common name","Wherever found","1","Endangered","Flowering Plants"
"Delphinium luteum","Yellow larkspur","Wherever found","8","Endangered","Flowering Plants"
"Cyrtandra crenata","Ha`iwale","Wherever found","1","Endangered","Flowering Plants"
"Euphorbia herbstii","`Akoko","Wherever found","1","Endangered","Flowering Plants"
"Schiedea kealiae","Ma`oli`oli","Wherever found","1","Endangered","Flowering Plants"
"Lesquerella kingii ssp. bernardina","San Bernardino Mountains bladderpod","Wherever found","8","Endangered","Flowering Plants"
"Sclerocactus wetlandicus","Uinta Basin hookless cactus","Wherever found","6","Threatened","Flowering Plants"
"Bidens conjuncta","Ko`oko`olau","Wherever found","1","Endangered","Flowering Plants"
"Marshallia mohrii","Mohr's Barbara's buttons","Wherever found","4","Threatened","Flowering Plants"
"Lessingia germanorum (=L.g. var. germanorum)","San Francisco lessingia","Wherever found","8","Endangered","Flowering Plants"
"Pleomele hawaiiensis","Hala pepe","Wherever found","1","Endangered","Flowering Plants"
"Cirsium hydrophilum var. hydrophilum","Suisun thistle","Wherever found","8","Endangered","Flowering Plants"
"Lesquerella thamnophila","Zapata bladderpod","Wherever found","2","Endangered","Flowering Plants"
"Varronia rupicola","No common name","Wherever found","4","Threatened","Flowering Plants"
"Eryngium cuneifolium","Snakeroot","Wherever found","4","Endangered","Flowering Plants"
"Stenogyne bifida","No common name","Wherever found","1","Endangered","Flowering Plants"
"Navarretia leucocephala ssp. plieantha","Many-flowered navarretia","Wherever found","8","Endangered","Flowering Plants"
"Cyrtandra subumbellata","Ha`iwale","Wherever found","1","Endangered","Flowering Plants"
"Acanthomintha obovata ssp. duttonii","San Mateo thornmint","Wherever found","8","Endangered","Flowering Plants"
"Ceanothus ophiochilus","Vail Lake ceanothus","Wherever found","8","Threatened","Flowering Plants"
"Linum carteri carteri","Carter's small-flowered flax","Wherever found","4","Endangered","Flowering Plants"
"Myrsine fosbergii","Kolea","Wherever found","1","Endangered","Flowering Plants"
"Deinandra (=Hemizonia) conjugens","Otay tarplant","Wherever found","8","Threatened","Flowering Plants"
"Arctomecon humilis","Dwarf Bear-poppy","Wherever found","6","Endangered","Flowering Plants"
"Pritchardia bakeri","loulu","Wherever found","1","Endangered","Flowering Plants"
"Spiranthes diluvialis","Ute ladies'-tresses","Wherever found","6","Threatened","Flowering Plants"
"Helianthus verticillatus","Whorled Sunflower","","4","Endangered","Flowering Plants"
"Gesneria pauciflora","No common name","Wherever found","4","Threatened","Flowering Plants"
"Isoetes louisianensis","Louisiana quillwort","Wherever found","4","Endangered","Ferns and Allies"
"Astragalus jaegerianus","Lane Mountain milk-vetch","Wherever found","8","Endangered","Flowering Plants"
"Eugenia bryanii","No common name","Wherever found","1","Endangered","Flowering Plants"
"Clematis socialis","Alabama leather flower","Wherever found","4","Endangered","Flowering Plants"
"Campanula robinsiae","Brooksville bellflower","Wherever found","4","Endangered","Flowering Plants"
"Pritchardia remota","loulu","Wherever found","1","Endangered","Flowering Plants"
"Pritchardia lanigera","loulu","Wherever found","1","Endangered","Flowering Plants"
"Lipochaeta venosa","No common name","Wherever found","1","Endangered","Flowering Plants"
"Polyscias bisattenuata","No common name","Wherever found","1","Endangered","Flowering Plants"
"Cyrtandra wagneri","haiwale","Wherever found","1","Endangered","Flowering Plants"
"Tetramolopium filiforme","No common name","Wherever found","1","Endangered","Flowering Plants"
"Bidens hillebrandiana ssp. hillebrandiana","kookoolau","Wherever found","1","Endangered","Flowering Plants"
"Thelypteris yaucoensis","No common name","Wherever found","4","Endangered","Ferns and Allies"
"Isodendrion laurifolium","Aupaka","Wherever found","1","Endangered","Flowering Plants"
"Cyanea gibsonii","haha","Wherever found","1","Endangered","Flowering Plants"
"Cirsium pitcheri","Pitcher's thistle","Wherever found","3","Threatened","Flowering Plants"
"Leavenworthia crassa","Fleshy-fruit gladecress","Wherever found","4","Endangered","Flowering Plants"
"Dubautia imbricata ssp. imbricata","Na`ena`e","Wherever found","1","Endangered","Flowering Plants"
"Lilaeopsis schaffneriana var. recurva","Huachuca water-umbel","Wherever found","2","Endangered","Flowering Plants"
"Lesquerella perforata","Spring Creek bladderpod","Wherever found","4","Endangered","Flowering Plants"
"Astragalus brauntonii","Braunton's milk-vetch","Wherever found","8","Endangered","Flowering Plants"
"Platydesma rostrata","Pilo kea lau li`i","Wherever found","1","Endangered","Flowering Plants"
"Cyrtandra viridiflora","Ha`iwale","Wherever found","1","Endangered","Flowering Plants"
"Geranium hanaense","Nohoanu","Wherever found","1","Endangered","Flowering Plants"
"Stenogyne kanehoana","No common name","Wherever found","1","Endangered","Flowering Plants"
"Phacelia formosula","North Park phacelia","Wherever found","6","Endangered","Flowering Plants"
"Pritchardia schattaueri","loulu","Wherever found","1","Endangered","Flowering Plants"
"Hoffmannseggia tenella","Slender rush-pea","Wherever found","2","Endangered","Flowering Plants"
"Cyathea dryopteroides","Elfin tree fern","Wherever found","4","Endangered","Ferns and Allies"
"Spigelia gentianoides","Gentian pinkroot","Wherever found","4","Endangered","Flowering Plants"
"Schiedea hawaiiensis","Ma`oli`oli","Wherever found","1","Endangered","Flowering Plants"
"Vicia menziesii","Hawaiian vetch","Wherever found","1","Endangered","Flowering Plants"
"Trillium reliquum","Relict trillium","Wherever found","4","Endangered","Flowering Plants"
"Chorizanthe valida","Sonoma spineflower","Wherever found","8","Endangered","Flowering Plants"
"Chorizanthe howellii","Howell's spineflower","Wherever found","8","Endangered","Flowering Plants"
"Thelypodium howellii ssp. spectabilis","Howell''s spectacular thelypody","Wherever found","1","Threatened","Flowering Plants"
"Orcuttia californica","California Orcutt grass","Wherever found","8","Endangered","Flowering Plants"
"Malacothamnus clementinus","San Clemente Island bush-mallow","Wherever found","8","Endangered","Flowering Plants"
"Orcuttia inaequalis","San Joaquin Orcutt grass","Wherever found","8","Threatened","Flowering Plants"
"Phyllostegia parviflora","No common name","Wherever found","1","Endangered","Flowering Plants"
"Scutellaria floridana","Florida skullcap","Wherever found","4","Threatened","Flowering Plants"
"Flueggea neowawraea","Mehamehame","Wherever found","1","Endangered","Flowering Plants"
"Euphorbia remyi var. kauaiensis","`Akoko","Wherever found","1","Endangered","Flowering Plants"
"Phyllostegia racemosa","Kiponapona","Wherever found","1","Endangered","Flowering Plants"
"Myrsine linearifolia","Kolea","Wherever found","1","Threatened","Flowering Plants"
"Euphorbia haeleeleana","`Akoko","Wherever found","1","Endangered","Flowering Plants"
"Sicyos albus","`Anunu","Wherever found","1","Endangered","Flowering Plants"
"Calochortus tiburonensis","Tiburon mariposa lily","Wherever found","8","Threatened","Flowering Plants"
"Suaeda californica","California seablite","","8","Endangered","Flowering Plants"
"Leavenworthia exigua laciniata","Kentucky glade cress","Wherever found","4","Threatened","Flowering Plants"
"Isotria medeoloides","Small whorled pogonia","","5","Threatened","Flowering Plants"
"Dudleya verityi","Verity's dudleya","Wherever found","8","Threatened","Flowering Plants"
"Pentachaeta bellidiflora","White-rayed pentachaeta","Wherever found","8","Endangered","Flowering Plants"
"Sidalcea keckii","Keck's Checker-mallow","Wherever found","8","Endangered","Flowering Plants"
"Pogogyne abramsii","San Diego mesa-mint","Wherever found","8","Endangered","Flowering Plants"
"Lobelia monostachya","No common name","Wherever found","1","Endangered","Flowering Plants"
"Astragalus cremnophylax var. cremnophylax","Sentry milk-vetch","Wherever found","2","Endangered","Flowering Plants"
"Asplenium dielmannii","No common name","Wherever found","1","Endangered","Ferns and Allies"
"Navarretia fossalis","Spreading navarretia","Wherever found","8","Threatened","Flowering Plants"
"Piperia yadonii","Yadon's piperia","Wherever found","8","Endangered","Flowering Plants"
"Cyrtandra sessilis","Ha`iwale","Wherever found","1","Endangered","Flowering Plants"
"Phyllostegia wawrana","No common name","Wherever found","1","Endangered","Flowering Plants"
"Cordylanthus maritimus ssp. maritimus","Salt marsh bird's-beak","Wherever found","8","Endangered","Flowering Plants"
"Stenogyne kealiae","No common name","Wherever found","1","Endangered","Flowering Plants"
"Exocarpos luteolus","Heau","Wherever found","1","Endangered","Flowering Plants"
"Arctostaphylos confertiflora","Santa Rosa Island manzanita","Wherever found","8","Endangered","Flowering Plants"
"Melicope lydgatei","Alani","Wherever found","1","Endangered","Flowering Plants"
"Deeringothamnus pulchellus","Beautiful pawpaw","Wherever found","4","Endangered","Flowering Plants"
"Galium californicum ssp. sierrae","El Dorado bedstraw","Wherever found","8","Endangered","Flowering Plants"
"Cyanea purpurellifolia","Haha","Wherever found","1","Endangered","Flowering Plants"
"Melicope knudsenii","Alani","Wherever found","1","Endangered","Flowering Plants"
"Galium buxifolium","Island bedstraw","Wherever found","8","Endangered","Flowering Plants"
"Opuntia treleasei","Bakersfield cactus","Wherever found","8","Endangered","Flowering Plants"
"Schiedea spergulina var. leiopoda","No common name","Wherever found","1","Endangered","Flowering Plants"
"Tuberolabium guamense","No common name","Wherever found","1","Threatened","Flowering Plants"
"Serianthes nelsonii","Hayun Iagu (=(Guam), Tronkon guafi (Rota))","Wherever found","1","Endangered","Flowering Plants"
"Mimulus michiganensis","Michigan monkey-flower","Wherever found","3","Endangered","Flowering Plants"
"Urera kaalae","Opuhe","Wherever found","1","Endangered","Flowering Plants"
"Melicope hiiakae","Alani","Wherever found","1","Endangered","Flowering Plants"
"Holocarpha macradenia","Santa Cruz tarplant","Wherever found","8","Threatened","Flowering Plants"
"Schiedea attenuata","No common name","Wherever found","1","Endangered","Flowering Plants"
"Argyroxiphium kauense","Mauna Loa (=Ka'u) silversword","Wherever found","1","Endangered","Flowering Plants"
"Silene hawaiiensis","No common name","Wherever found","1","Threatened","Flowering Plants"
"Scaevola coriacea","Dwarf naupaka","Wherever found","1","Endangered","Flowering Plants"
"Hesperomannia arborescens","No common name","Wherever found","1","Endangered","Flowering Plants"
"Erigeron rhizomatus","Zuni fleabane","Wherever found","2","Threatened","Flowering Plants"
"Calystegia stebbinsii","Stebbins' morning-glory","Wherever found","8","Endangered","Flowering Plants"
"Cyrtandra paliku","Haiwale","Wherever found","1","Endangered","Flowering Plants"
"Helianthemum greenei","Island rush-rose","Wherever found","8","Threatened","Flowering Plants"
"Lasthenia conjugens","Contra Costa goldfields","Wherever found","8","Endangered","Flowering Plants"
"Oenothera deltoides ssp. howellii","Antioch Dunes evening-primrose","Wherever found","8","Endangered","Flowering Plants"
"Astragalus phoenix","Ash meadows milk-vetch","Wherever found","8","Threatened","Flowering Plants"
"Schiedea helleri","No common name","Wherever found","1","Endangered","Flowering Plants"
"Viola helenae","No common name","Wherever found","1","Endangered","Flowering Plants"
"Ptilimnium nodosum","Harperella","Wherever found","5","Endangered","Flowering Plants"
"Pilosocereus robinii","Key tree cactus","Wherever found","4","Endangered","Flowering Plants"
"Schoenocrambe barnebyi","Barneby reed-mustard","Wherever found","6","Endangered","Flowering Plants"
"Phyllostegia haliakalae","No common name","Wherever found","1","Endangered","Flowering Plants"
"Manihot walkerae","Walker's manioc","Wherever found","2","Endangered","Flowering Plants"
"Santalum haleakalae var. lanaiense","Lanai sandalwood (=`iliahi)","Wherever found","1","Endangered","Flowering Plants"
"Wikstroemia skottsbergiana","No common name","","1","Endangered","Flowering Plants"
"Acaena exigua","Liliwai","Wherever found","1","Endangered","Flowering Plants"
"Pseudobahia peirsonii","San Joaquin adobe sunburst","Wherever found","8","Threatened","Flowering Plants"
"Jacquemontia reclinata","Beach jacquemontia","Wherever found","4","Endangered","Flowering Plants"
"Schoepfia arenaria","No common name","Wherever found","4","Threatened","Flowering Plants"
"Alopecurus aequalis var. sonomensis","Sonoma alopecurus","Wherever found","8","Endangered","Flowering Plants"
"Ranunculus mauiensis","Makou","Wherever found","1","Endangered","Flowering Plants"
"Euphorbia kuwaleana","`Akoko","Wherever found","1","Endangered","Flowering Plants"
"Cyanea dunbariae","haha","Wherever found","1","Endangered","Flowering Plants"
"Cyanea undulata","Haha","Wherever found","1","Endangered","Flowering Plants"
"Aristida portoricensis","Pelos del diablo","Wherever found","4","Endangered","Flowering Plants"
"Peperomia subpetiolata","`Ala `ala wai nui","Wherever found","1","Endangered","Flowering Plants"
"Berberis nevinii","Nevin's barberry","Wherever found","8","Endangered","Flowering Plants"
"Arenaria ursina","Bear Valley sandwort","Wherever found","8","Threatened","Flowering Plants"
"Cyanea dolichopoda","Haha","Wherever found","1","Endangered","Flowering Plants"
"Viola chamissoniana ssp. chamissoniana","Pamakani","Wherever found","1","Endangered","Flowering Plants"
"Lilium pardalinum ssp. pitkinense","Pitkin Marsh lily","Wherever found","8","Endangered","Flowering Plants"
"Atriplex coronata var. notatior","San Jacinto Valley crownscale","Wherever found","8","Endangered","Flowering Plants"
"Lysimachia lydgatei","No common name","Wherever found","1","Endangered","Flowering Plants"
"Cyrtandra hematos","Ha`iwale","Wherever found","1","Endangered","Flowering Plants"
"Stenogyne kauaulaensis","No common name","Wherever found","1","Endangered","Flowering Plants"
"Castilleja levisecta","golden paintbrush","Wherever found","1","Threatened","Flowering Plants"
"Limnanthes vinculans","Sebastopol meadowfoam","Wherever found","8","Endangered","Flowering Plants"
"Melicope ovalis","Alani","Wherever found","1","Endangered","Flowering Plants"
"Neraudia ovata","No common name","Wherever found","1","Endangered","Flowering Plants"
"Pediocactus bradyi","Brady pincushion cactus","Wherever found","2","Endangered","Flowering Plants"
"Bidens campylotheca ssp. pentamera","Ko`oko`olau","Wherever found","1","Endangered","Flowering Plants"
"Calyptridium pulchellum","Mariposa pussypaws","Wherever found","8","Threatened","Flowering Plants"
"Astragalus magdalenae var. peirsonii","Peirson's milk-vetch","Wherever found","8","Threatened","Flowering Plants"
"Trifolium trichocalyx","Monterey clover","Wherever found","8","Endangered","Flowering Plants"
"Clermontia lindseyana","`Oha wai","Wherever found","1","Endangered","Flowering Plants"
"Scutellaria montana","Large-flowered skullcap","Wherever found","4","Threatened","Flowering Plants"
"Portulaca villosa","Ihi","Wherever found","1","Endangered","Flowering Plants"
"Nitrophila mohavensis","Amargosa niterwort","Wherever found","8","Endangered","Flowering Plants"
"Mirabilis macfarlanei","MacFarlane's four-o'clock","Wherever found","1","Threatened","Flowering Plants"
"Sclerocactus brevihamatus ssp. tobuschii","Tobusch fishhook cactus","Wherever found","2","Threatened","Flowering Plants"
"Argythamnia blodgettii","Blodgett's silverbush","Wherever found","4","Threatened","Flowering Plants"
"Lesquerella congesta","Dudley Bluffs bladderpod","Wherever found","6","Threatened","Flowering Plants"
"Ivesia webberi","Webber's ivesia","Wherever found","8","Threatened","Flowering Plants"
"Echinomastus mariposensis","Lloyd's Mariposa cactus","Wherever found","2","Threatened","Flowering Plants"
"Lysimachia iniki","No common name","Wherever found","1","Endangered","Flowering Plants"
"Lilium occidentale","Western lily","Wherever found","8","Endangered","Flowering Plants"
"Schiedea jacobii","No common name","Wherever found","1","Endangered","Flowering Plants"
"Dubautia plantaginea ssp. magnifolia","Na`ena`e","Wherever found","1","Endangered","Flowering Plants"
"Schiedea diffusa subsp. diffusa","No common name","Wherever found","1","Endangered","Flowering Plants"
"Isoetes melanospora","Black spored quillwort","Wherever found","4","Endangered","Ferns and Allies"
"Schiedea nuttallii","No common name","Wherever found","1","Endangered","Flowering Plants"
"Ceanothus roderickii","Pine Hill ceanothus","Wherever found","8","Endangered","Flowering Plants"
"Dudleya abramsii ssp. parva","Conejo dudleya","Wherever found","8","Threatened","Flowering Plants"
"Cyanea st.-johnii","Haha","Wherever found","1","Endangered","Flowering Plants"
"Leptocereus grantianus","No common name","Wherever found","4","Endangered","Flowering Plants"
"Cyanea maritae","haha","Wherever found","1","Endangered","Flowering Plants"
"Polyscias lydgatei","No common name","Wherever found","1","Endangered","Flowering Plants"
"Arctostaphylos franciscana","Franciscan manzanita","Wherever found","8","Endangered","Flowering Plants"
"Maesa walkeri","No common name","Wherever found","1","Threatened","Flowering Plants"
"Chorizanthe robusta var. robusta","Robust spineflower","Wherever found","8","Endangered","Flowering Plants"
"Platydesma remyi","No common name","Wherever found","1","Endangered","Flowering Plants"
"Senecio layneae","Layne's butterweed","Wherever found","8","Threatened","Flowering Plants"
"Trichilia triacantha","Bariaco","Wherever found","4","Endangered","Flowering Plants"
"Stenogyne campanulata","No common name","Wherever found","1","Endangered","Flowering Plants"
"Erythronium propullans","Minnesota dwarf trout lily","Wherever found","3","Endangered","Flowering Plants"
"Schiedea apokremnos","Ma`oli`oli","Wherever found","1","Endangered","Flowering Plants"
"Stephanomeria malheurensis","Malheur wire-lettuce","Wherever found","1","Endangered","Flowering Plants"
"Labordia tinifolia var. lanaiensis","Kamakahala","Wherever found","1","Endangered","Flowering Plants"
"Astragalus tener var. titi","Coastal dunes milk-vetch","Wherever found","8","Endangered","Flowering Plants"
"Cyanea mauiensis","haha","Wherever found","1","Endangered","Flowering Plants"
"Tetramolopium rockii","No common name","Wherever found","1","Threatened","Flowering Plants"
"Solanum sandwicense","`Aiakeakua, popolo","Wherever found","1","Endangered","Flowering Plants"
"Polystichum aleuticum","Aleutian shield fern","Wherever found","7","Endangered","Ferns and Allies"
"Cardamine micranthera","Small-anthered bittercress","Wherever found","4","Endangered","Flowering Plants"
"Sidalcea oregana ssp. valida","Kenwood Marsh checker-mallow","Wherever found","8","Endangered","Flowering Plants"
"Coryphantha scheeri var. robustispina","Pima pineapple cactus","Wherever found","2","Endangered","Flowering Plants"
"Pectis imberbis","Beardless chinch weed","Wherever found","2","Endangered","Flowering Plants"
"Lysimachia scopulensis","No common name","Wherever found","1","Endangered","Flowering Plants"
"Dubautia herbstobatae","Na`ena`e","Wherever found","1","Endangered","Flowering Plants"
"Labordia pumila","Kamakahala","Wherever found","1","Endangered","Flowering Plants"
"Zanthoxylum oahuense","A`e","Wherever found","1","Endangered","Flowering Plants"
"Gouania hillebrandii","No common name","Wherever found","1","Endangered","Flowering Plants"
"Pritchardia munroi","loulu","Wherever found","1","Endangered","Flowering Plants"
"Fremontodendron californicum ssp. decumbens","Pine Hill flannelbush","Wherever found","8","Endangered","Flowering Plants"
"Cyanea koolauensis","Haha","Wherever found","1","Endangered","Flowering Plants"
"Castilleja grisea","San Clemente Island Paintbrush","Wherever found","8","Threatened","Flowering Plants"
"Potamogeton clystocarpus","Little Aguja (=Creek) Pondweed","Wherever found","2","Endangered","Flowering Plants"
"Adenophorus periens","Pendant kihi fern","Wherever found","1","Endangered","Ferns and Allies"
"Dubautia latifolia","Koholapehu","Wherever found","1","Endangered","Flowering Plants"
"Lysimachia venosa","No common name","Wherever found","1","Endangered","Flowering Plants"
"Caulanthus californicus","California jewelflower","Wherever found","8","Endangered","Flowering Plants"
"Clarkia speciosa ssp. immaculata","Pismo clarkia","Wherever found","8","Endangered","Flowering Plants"
"Cirsium vinaceum","Sacramento Mountains thistle","Wherever found","2","Threatened","Flowering Plants"
"Ischaemum byrone","Hilo ischaemum","Wherever found","1","Endangered","Flowering Plants"
"Cyanea longiflora","Haha","Wherever found","1","Endangered","Flowering Plants"
"Ipomopsis sancti-spiritus","Holy Ghost ipomopsis","Wherever found","2","Endangered","Flowering Plants"
"Cyperus trachysanthos","Pu`uka`a","Wherever found","1","Endangered","Flowering Plants"
"Blennosperma bakeri","Sonoma sunshine","Wherever found","8","Endangered","Flowering Plants"
"Plagiobothrys strictus","Calistoga allocarya","Wherever found","8","Endangered","Flowering Plants"
"Dudleya cymosa ssp. marcescens","Marcescent dudleya","Wherever found","8","Threatened","Flowering Plants"
"Nolina brittoniana","Britton's beargrass","Wherever found","4","Endangered","Flowering Plants"
"Calamagrostis hillebrandii","Hillebrand's reedgrass","Wherever found","1","Endangered","Flowering Plants"
"Clermontia peleana","`Oha wai","Wherever found","1","Endangered","Flowering Plants"
"Lupinus nipomensis","Nipomo Mesa lupine","Wherever found","8","Endangered","Flowering Plants"
"Sanicula sandwicensis","No common name","Wherever found","1","Endangered","Flowering Plants"
"Cyanea crispa","haha","Wherever found","1","Endangered","Flowering Plants"
"Dudleya nesiotica","Santa Cruz Island dudleya","Wherever found","8","Threatened","Flowering Plants"
"Cordylanthus palmatus","Palmate-bracted bird's beak","Wherever found","8","Endangered","Flowering Plants"
"Schiedea pubescens","Ma`oli`oli","Wherever found","1","Endangered","Flowering Plants"
"Eugenia haematocarpa","Uvillo","Wherever found","4","Endangered","Flowering Plants"
"Eriogonum kennedyi var. austromontanum","Southern mountain wild-buckwheat","Wherever found","8","Threatened","Flowering Plants"
"Schoenocrambe suffrutescens","Shrubby reed-mustard","Wherever found","6","Endangered","Flowering Plants"
"Sesbania tomentosa","Ohai","Wherever found","1","Endangered","Flowering Plants"
"Erigeron decumbens","Willamette daisy","Wherever found","1","Endangered","Flowering Plants"
"Enceliopsis nudicaulis var. corrugata","Ash Meadows sunray","Wherever found","8","Threatened","Flowering Plants"
"Agave eggersiana","No common name","Wherever found","4","Endangered","Flowering Plants"
"Cranichis ricartii","No common name","Wherever found","4","Endangered","Flowering Plants"
"Poa sandvicensis","Hawaiian bluegrass","Wherever found","1","Endangered","Flowering Plants"
"Isodendrion pyrifolium","wahine noho Kula","Wherever found","1","Endangered","Flowering Plants"
"Cirsium loncholepis","La Graciosa thistle","Wherever found","8","Endangered","Flowering Plants"
"Phlox hirsuta","Yreka phlox","Wherever found","8","Endangered","Flowering Plants"
"Korthalsella degeneri","Hulumoa","Wherever found","1","Endangered","Flowering Plants"
"Sisyrinchium dichotomum","White irisette","Wherever found","4","Endangered","Flowering Plants"
"Astragalus holmgreniorum","Holmgren milk-vetch","Wherever found","6","Endangered","Flowering Plants"
"Pittosporum hawaiiense","Hoawa","Wherever found","1","Endangered","Flowering Plants"
"Psychotria hexandra ssp. oahuensis","Kopiko","Wherever found","1","Endangered","Flowering Plants"
"Cyrtandra waiolani","Haiwale","Wherever found","1","Endangered","Flowering Plants"
"Deeringothamnus rugelii","Rugel's pawpaw","Wherever found","4","Endangered","Flowering Plants"
"Penstemon penlandii","Penland beardtongue","Wherever found","6","Endangered","Flowering Plants"
"Exocarpos menziesii","Heau","","1","Endangered","Flowering Plants"
"Lasthenia burkei","Burke's goldfields","Wherever found","8","Endangered","Flowering Plants"
"Gymnoderma lineare","Rock gnome lichen","Wherever found","4","Endangered","Lichens"
"Stahlia monosperma","Cobana negra","Wherever found","4","Threatened","Flowering Plants"
"Vernonia proctorii","No common name","Wherever found","4","Endangered","Flowering Plants"
"Phyllostegia hirsuta","No common name","Wherever found","1","Endangered","Flowering Plants"
"Coryphantha minima","Nellie cory cactus","Wherever found","2","Endangered","Flowering Plants"
"Poa siphonoglossa","No common name","Wherever found","1","Endangered","Flowering Plants"
"Eutrema penlandii","Penland alpine fen mustard","Wherever found","6","Threatened","Flowering Plants"
"Euphorbia deppeana","`Akoko","Wherever found","1","Endangered","Flowering Plants"
"Fritillaria gentneri","Gentner's Fritillary","Wherever found","1","Endangered","Flowering Plants"
"Clermontia oblongifolia ssp. mauiensis","`Oha wai","Wherever found","1","Endangered","Flowering Plants"
"Cyanea shipmanii","Haha","Wherever found","1","Endangered","Flowering Plants"
"Amaranthus brownii","No common name","Wherever found","1","Endangered","Flowering Plants"
"Oxytropis campestris var. chartacea","Fassett's locoweed","Wherever found","3","Threatened","Flowering Plants"
"Stenogyne cranwelliae","No common name","Wherever found","1","Endangered","Flowering Plants"
"Zanthoxylum thomasianum","St. Thomas prickly-ash","Wherever found","4","Endangered","Flowering Plants"
"Dicerandra immaculata","Lakela's mint","Wherever found","4","Endangered","Flowering Plants"
"Poa napensis","Napa bluegrass","Wherever found","8","Endangered","Flowering Plants"
"Myrcia paganii","No common name","Wherever found","4","Endangered","Flowering Plants"
"Viola oahuensis","No common name","Wherever found","1","Endangered","Flowering Plants"
"Schiedea hookeri","No common name","Wherever found","1","Endangered","Flowering Plants"
"Thlaspi californicum","Kneeland Prairie penny-cress","Wherever found","8","Endangered","Flowering Plants"
"Cyanea horrida","haha nui","Wherever found","1","Endangered","Flowering Plants"
"Delissea undulata","No common name","Wherever found","1","Endangered","Flowering Plants"
"Brighamia insignis","Olulu","Wherever found","1","Endangered","Flowering Plants"
"Ceanothus ferrisae","Coyote ceanothus","Wherever found","8","Endangered","Flowering Plants"
"Hudsonia montana","Mountain golden heather","Wherever found","4","Threatened","Flowering Plants"
"Zizania texana","Texas wild-rice","Wherever found","2","Endangered","Flowering Plants"
"Sidalcea oregana var. calva","Wenatchee Mountains checkermallow","Wherever found","1","Endangered","Flowering Plants"
"Physaria douglasii ssp. tuplashensis","White Bluffs bladderpod","Wherever found","1","Threatened","Flowering Plants"
"Kadua cordata remyi","kopa","Wherever found","1","Endangered","Flowering Plants"
"Cycladenia humilis var. jonesii","Jones Cycladenia","Wherever found","6","Threatened","Flowering Plants"
"Carex albida","White sedge","Wherever found","8","Endangered","Flowering Plants"
"Arabis georgiana","Georgia rockcress","Wherever found","4","Threatened","Flowering Plants"
"Polyscias flynnii","No common name","Wherever found","1","Endangered","Flowering Plants"
"Psychotria malaspinae","Aplokating-palaoan","Wherever found","1","Endangered","Flowering Plants"
"Zanthoxylum hawaiiense","A`e","Wherever found","1","Endangered","Flowering Plants"
"Eriodictyon capitatum","Lompoc yerba santa","Wherever found","8","Endangered","Flowering Plants"
"Bidens amplectens","Ko`oko`olau","Wherever found","1","Endangered","Flowering Plants"
"Ribes echinellum","Miccosukee gooseberry","Wherever found","4","Threatened","Flowering Plants"
"Iliamna corei","Peter's Mountain mallow","Wherever found","5","Endangered","Flowering Plants"
"Sicyos lanceoloideus","No common name","Wherever found","1","Endangered","Flowering Plants"
"Grindelia fraxinipratensis","Ash Meadows gumplant","Wherever found","8","Threatened","Flowering Plants"
"Agalinis acuta","Sandplain gerardia","Wherever found","5","Endangered","Flowering Plants"
"Euphorbia halemanui","''Akoko","Wherever found","1","Endangered","Flowering Plants"
"Cupressus abramsiana","Santa Cruz cypress","Wherever found","8","Threatened","Conifers and Cycads"
"Ziziphus celata","Florida ziziphus","Wherever found","4","Endangered","Flowering Plants"
"Juglans jamaicensis","West Indian Walnut (=Nogal)","Wherever found","4","Endangered","Flowering Plants"
"Lipochaeta waimeaensis","Nehe","Wherever found","1","Endangered","Flowering Plants"
"Ternstroemia subsessilis","No common name","Wherever found","4","Endangered","Flowering Plants"
"Rhodiola integrifolia ssp. leedyi","Leedy's roseroot","Wherever found","3","Threatened","Flowering Plants"
"Potentilla hickmanii","Hickman's potentilla","Wherever found","8","Endangered","Flowering Plants"
"Arctostaphylos pallida","Pallid manzanita","Wherever found","8","Threatened","Flowering Plants"
"Xyris tennesseensis","Tennessee yellow-eyed grass","Wherever found","4","Endangered","Flowering Plants"
"Phlox nivalis ssp. texensis","Texas trailing phlox","Wherever found","2","Endangered","Flowering Plants"
"Mezoneuron kavaiense","Uhi uhi","Wherever found","1","Endangered","Flowering Plants"
"Dubautia waialealae","Na`ena`e","Wherever found","1","Endangered","Flowering Plants"
"Chamaesyce garberi","Garber's spurge","Wherever found","4","Threatened","Flowering Plants"
"Nothocestrum breviflorum","`Aiea","Wherever found","1","Endangered","Flowering Plants"
"Phyllostegia helleri","No common name","","1","Endangered","Flowering Plants"
"Catesbaea melanocarpa","No common name","Wherever found","4","Endangered","Flowering Plants"
"Brighamia rockii","Pua `ala","Wherever found","1","Endangered","Flowering Plants"
"Asplenium scolopendrium var. americanum","American hart's-tongue fern","Wherever found","5","Threatened","Ferns and Allies"
"Justicia cooleyi","Cooley's water-willow","Wherever found","4","Endangered","Flowering Plants"
"Erigeron parishii","Parish's daisy","Wherever found","8","Threatened","Flowering Plants"
"Chromolaena frustrata","Cape Sable Thoroughwort","Wherever found","4","Endangered","Flowering Plants"
"Pogogyne nudiuscula","Otay mesa-mint","Wherever found","8","Endangered","Flowering Plants"
"Pityopsis ruthii","Ruth's golden aster","Wherever found","4","Endangered","Flowering Plants"
"Alectryon macrococcus","Mahoe","Wherever found","1","Endangered","Flowering Plants"
"Mucuna sloanei var. persericea","sea bean","Wherever found","1","Endangered","Flowering Plants"
"Oxytheca parishii var. goodmaniana","Cushenbury oxytheca","Wherever found","8","Endangered","Flowering Plants"
"Joinvillea ascendens ascendens","`Ohe","Wherever found","1","Endangered","Flowering Plants"
"Callirhoe scabriuscula","Texas poppy-mallow","Wherever found","2","Endangered","Flowering Plants"
"Vigna o-wahuensis","No common name","Wherever found","1","Endangered","Flowering Plants"
"Melanthera tenuifolia","nehe","Wherever found","1","Endangered","Flowering Plants"
"Isoetes tegetiformans","Mat-forming quillwort","Wherever found","4","Endangered","Ferns and Allies"
"Ayenia limitaris","Texas ayenia","Wherever found","2","Endangered","Flowering Plants"
"Pediocactus despainii","San Rafael cactus","Wherever found","6","Endangered","Flowering Plants"
"Kokia cookei","Cooke's koki`o","Wherever found","1","Endangered","Flowering Plants"
"Dubautia kenwoodii","Naenae","Wherever found","1","Endangered","Flowering Plants"
"Acanthomintha ilicifolia","San Diego thornmint","Wherever found","8","Threatened","Flowering Plants"
"Amorpha crenulata","Crenulate lead-plant","Wherever found","4","Endangered","Flowering Plants"
"Neraudia sericea","No common name","Wherever found","1","Endangered","Flowering Plants"
"Sideroxylon reclinatum ssp. austrofloridense","Everglades bully","Wherever found","4","Threatened","Flowering Plants"
"Schiedea adamantis","Diamond Head schiedea","Wherever found","1","Endangered","Flowering Plants"
"Cercocarpus traskiae","Catalina Island mountain-mahogany","Wherever found","8","Endangered","Flowering Plants"
"Euphorbia remyi var. remyi","`Akoko","Wherever found","1","Endangered","Flowering Plants"
"Monolopia (=Lembertia) congdonii","San Joaquin wooly-threads","Wherever found","8","Endangered","Flowering Plants"
"Clermontia pyrularia","`Oha wai","Wherever found","1","Endangered","Flowering Plants"
"Castilleja cinerea","Ash-grey paintbrush","Wherever found","8","Threatened","Flowering Plants"
"Tetramolopium capillare","Pamakani","Wherever found","1","Endangered","Flowering Plants"
"Linum arenicola","Sand flax","Wherever found","4","Endangered","Flowering Plants"
"Echinocereus chisoensis var. chisoensis","Chisos Mountain hedgehog Cactus","Wherever found","2","Threatened","Flowering Plants"
"Delphinium variegatum ssp. kinkiense","San Clemente Island larkspur","Wherever found","8","Endangered","Flowering Plants"
"Aristida chaseae","No common name","Wherever found","4","Endangered","Flowering Plants"
"Euphorbia telephioides","Telephus spurge","Wherever found","4","Threatened","Flowering Plants"
"Geranium multiflorum","Nohoanu","Wherever found","1","Endangered","Flowering Plants"
"Gouania meyenii","No common name","Wherever found","1","Endangered","Flowering Plants"
"Achyranthes splendens var. rotundata","Round-leaved chaff-flower","Wherever found","1","Endangered","Flowering Plants"
"Peperomia wheeleri","Wheeler's peperomia","Wherever found","4","Endangered","Flowering Plants"
"Mentzelia leucophylla","Ash Meadows blazingstar","Wherever found","8","Threatened","Flowering Plants"
"Echinocereus fendleri var. kuenzleri","Kuenzler hedgehog cactus","Wherever found","2","Threatened","Flowering Plants"
"Nothocestrum peltatum","`Aiea","Wherever found","1","Endangered","Flowering Plants"
"Cyanea procera","Haha","Wherever found","1","Endangered","Flowering Plants"
"Clematis morefieldii","Morefields leather flower","","4","Endangered","Flowering Plants"
"Remya kauaiensis","No common name","Wherever found","1","Endangered","Flowering Plants"
"Bulbophyllum guamense","Cebello halumtano","Wherever found","1","Threatened","Flowering Plants"
"Kadua cookiana","'Awiwi","Wherever found","1","Endangered","Flowering Plants"
"Brickellia mosieri","Florida brickell-bush","Wherever found","4","Endangered","Flowering Plants"
"Echinacea laevigata","Smooth coneflower","Wherever found","4","Endangered","Flowering Plants"
"Echinocereus triglochidiatus var. arizonicus","Arizona hedgehog cactus","Wherever found","2","Endangered","Flowering Plants"
"Spermolepis hawaiiensis","No common name","Wherever found","1","Endangered","Flowering Plants"
"Castilleja affinis ssp. neglecta","Tiburon paintbrush","Wherever found","8","Endangered","Flowering Plants"
"Calamagrostis expansa","Maui reedgrass","Wherever found","1","Endangered","Flowering Plants"
"Solanum drymophilum","Erubia","Wherever found","4","Endangered","Flowering Plants"
"Rhus michauxii","Michaux's sumac","Wherever found","4","Endangered","Flowering Plants"
"Arabis hoffmannii","Hoffmann's rock-cress","Wherever found","8","Endangered","Flowering Plants"
"Melicope makahae","Alani","Wherever found","1","Endangered","Flowering Plants"
"Elaphoglossum serpens","No common name","Wherever found","4","Endangered","Ferns and Allies"
"Eriogonum pelinophilum","Clay-Loving wild buckwheat","Wherever found","6","Endangered","Flowering Plants"
"Phyllostegia kaalaensis","No common name","Wherever found","1","Endangered","Flowering Plants"
"Cornutia obovata","Palo de nigua","Wherever found","4","Endangered","Flowering Plants"
"Pinguicula ionantha","Godfrey's butterwort","Wherever found","4","Threatened","Flowering Plants"
"Nervilia jacksoniae","No common name","Wherever found","1","Threatened","Flowering Plants"
"Dryopteris glabra var. pusilla","Hohiu","Wherever found","1","Endangered","Ferns and Allies"
"Euphorbia rockii","`Akoko","Wherever found","1","Endangered","Flowering Plants"
"Helenium virginicum","Virginia sneezeweed","Wherever found","5","Threatened","Flowering Plants"
"Malacothrix indecora","Santa Cruz Island malacothrix","Wherever found","8","Endangered","Flowering Plants"
"Calyptronoma rivalis","Palma de manaca","Wherever found","4","Threatened","Flowering Plants"
"Charpentiera densiflora","Papala","Wherever found","1","Endangered","Flowering Plants"
"Silene perlmanii","No common name","Wherever found","1","Endangered","Flowering Plants"
"Melicope balloui","Alani","Wherever found","1","Endangered","Flowering Plants"
"Cyanea grimesiana ssp. grimesiana","Haha","Wherever found","1","Endangered","Flowering Plants"
"Hibiscus waimeae ssp. hannerae","Koki`o ke`oke`o","Wherever found","1","Endangered","Flowering Plants"
"Euphorbia skottsbergii var. skottsbergii","Ewa Plains `akoko","Wherever found","1","Endangered","Flowering Plants"
"Hedeoma todsenii","Todsen's pennyroyal","Wherever found","2","Endangered","Flowering Plants"
"Consolea corallicola","Florida semaphore Cactus","Wherever found","4","Endangered","Flowering Plants"
"Quercus hinckleyi","Hinckley oak","Wherever found","2","Threatened","Flowering Plants"
"Microlepia strigosa var. mauiensis","No common name","Wherever found","1","Endangered","Ferns and Allies"
"Pediocactus peeblesianus var. peeblesianus","Peebles Navajo cactus","Wherever found","2","Endangered","Flowering Plants"
"Cyclosorus boydiae","Kupukupu makalii","Wherever found","1","Endangered","Ferns and Allies"
"Arenaria paludicola","Marsh Sandwort","Wherever found","8","Endangered","Flowering Plants"
"Pritchardia viscosa","loulu","Wherever found","1","Endangered","Flowering Plants"
"Lipochaeta micrantha","Nehe","Wherever found","1","Endangered","Flowering Plants"
"Sarracenia oreophila","Green pitcher-plant","Wherever found","4","Endangered","Flowering Plants"
"Thelypodium stenopetalum","Slender-petaled mustard","Wherever found","8","Endangered","Flowering Plants"
"Cyanea acuminata","Haha","Wherever found","1","Endangered","Flowering Plants"
"Melicope munroi","Alani","Wherever found","1","Endangered","Flowering Plants"
"Diplacus vandenbergensis","Vandenberg monkeyflower","Wherever found","8","Endangered","Flowering Plants"
"Phacelia argillacea","Clay phacelia","Wherever found","6","Endangered","Flowering Plants"
"Daphnopsis helleriana","No common name","Wherever found","4","Endangered","Flowering Plants"
"Kokia drynarioides","Koki`o","Wherever found","1","Endangered","Flowering Plants"
"Melanthera kamolensis","nehe","Wherever found","1","Endangered","Flowering Plants"
"Ochrosia haleakalae","Holei","Wherever found","1","Endangered","Flowering Plants"
"Labordia tinifolia var. wahiawaensis","Kamakahala","Wherever found","1","Endangered","Flowering Plants"
"Tabernaemontana rotensis","No common name","Wherever found","1","Threatened","Flowering Plants"
"Lupinus tidestromii","Clover (Tidestrom''s) lupine","Wherever found","8","Endangered","Flowering Plants"
"Kadua laxiflora","pilo","Wherever found","1","Endangered","Flowering Plants"
"Trichomanes punctatum ssp. floridanum","Florida bristle fern","Wherever found","4","Endangered","Ferns and Allies"
"Pteralyxia macrocarpa","Kaulu","Wherever found","1","Endangered","Flowering Plants"
"Ivesia kingii var. eremica","Ash Meadows ivesia","Wherever found","8","Threatened","Flowering Plants"
"Banara vanderbiltii","Palo de ramon","Wherever found","4","Endangered","Flowering Plants"
"Dalea foliosa","Leafy prairie-clover","Wherever found","4","Endangered","Flowering Plants"
"Monardella viminea","Willowy monardella","Wherever found","8","Endangered","Flowering Plants"
"Sidalcea pedata","Pedate checker-mallow","Wherever found","8","Endangered","Flowering Plants"
"Chorizanthe orcuttiana","Orcutt's spineflower","Wherever found","8","Endangered","Flowering Plants"
"Myrsine mezii","Kolea","Wherever found","1","Endangered","Flowering Plants"
"Schiedea diffusa ssp. macraei","No common name","Wherever found","1","Endangered","Flowering Plants"
"Argemone pleiacantha ssp. pinnatisecta","Sacramento prickly poppy","Wherever found","2","Endangered","Flowering Plants"
"Solanum nelsonii","Popolo","Wherever found","1","Endangered","Flowering Plants"
"Clarkia springvillensis","Springville clarkia","Wherever found","8","Threatened","Flowering Plants"
"Auerodendron pauciflorum","No common name","Wherever found","4","Endangered","Flowering Plants"
"Cyanea stictophylla","Haha","Wherever found","1","Endangered","Flowering Plants"
"Amsinckia grandiflora","Large-flowered fiddleneck","Wherever found","8","Endangered","Flowering Plants"
"Pritchardia kaalae","loulu","Wherever found","1","Endangered","Flowering Plants"
"Eriastrum densifolium ssp. sanctorum","Santa Ana River woolly-star","Wherever found","8","Endangered","Flowering Plants"
"Melicope pallida","Alani","Wherever found","1","Endangered","Flowering Plants"
"Oxypolis canbyi","Canby's dropwort","Wherever found","4","Endangered","Flowering Plants"
"Leavenworthia texana","Texas golden Gladecress","Wherever found","2","Endangered","Flowering Plants"
"Cordylanthus tenuis ssp. capillaris","Pennell's bird's-beak","Wherever found","8","Endangered","Flowering Plants"
"Neraudia angulata","No common name","Wherever found","1","Endangered","Flowering Plants"
"Keysseria (=Lagenifera) erici","No common name","Wherever found","1","Endangered","Flowering Plants"
"Abutilon eremitopetalum","No common name","Wherever found","1","Endangered","Flowering Plants"
"Cyanea humboldtiana","Haha","Wherever found","1","Endangered","Flowering Plants"
"Festuca hawaiiensis","No common name","Wherever found","1","Endangered","Flowering Plants"
"Cyanea munroi","haha","Wherever found","1","Endangered","Flowering Plants"
"Liatris helleri","Heller's blazingstar","Wherever found","4","Threatened","Flowering Plants"
"Eragrostis fosbergii","Fosberg's love grass","Wherever found","1","Endangered","Flowering Plants"
"Macbridea alba","White birds-in-a-nest","Wherever found","4","Threatened","Flowering Plants"
"Thelypteris pilosa var. alabamensis","Alabama streak-sorus fern","Wherever found","4","Threatened","Ferns and Allies"
"Amsonia kearneyana","Kearney's blue-star","Wherever found","2","Endangered","Flowering Plants"
"Pleodendron macranthum","Chupacallos","Wherever found","4","Endangered","Flowering Plants"
"Verbena californica","Red Hills vervain","Wherever found","8","Threatened","Flowering Plants"
"Canavalia napaliensis","`Awikiwiki","Wherever found","1","Endangered","Flowering Plants"
"Cyanea solanacea","Popolo","Wherever found","1","Endangered","Flowering Plants"
"Astragalus clarianus","Clara Hunt's milk-vetch","Wherever found","8","Endangered","Flowering Plants"
"Hypolepis hawaiiensis var. mauiensis","olua","Wherever found","1","Endangered","Ferns and Allies"
"Sphaeralcea gierischii","Gierisch mallow","Wherever found","2","Endangered","Flowering Plants"
"Cyrtandra cyaneoides","Mapele","Wherever found","1","Endangered","Flowering Plants"
"Hymenoxys herbacea","Lakeside daisy","Wherever found","3","Threatened","Flowering Plants"
"Echinocactus horizonthalonius var. nicholii","Nichol's Turk's head cactus","Wherever found","2","Endangered","Flowering Plants"
"Chamaesyce deltoidea serpyllum","Wedge spurge","Wherever found","4","Endangered","Flowering Plants"
"Ambrosia pumila","San Diego ambrosia","Wherever found","8","Endangered","Flowering Plants"
"Platanthera praeclara","Western prairie fringed Orchid","Wherever found","3","Threatened","Flowering Plants"
"Pritchardia hardyi","loulu","Wherever found","1","Endangered","Flowering Plants"
"Delissea rhytidosperma","No common name","Wherever found","1","Endangered","Flowering Plants"
"Astragalus bibullatus","Guthrie's (=Pyne's) ground-plum","Wherever found","4","Endangered","Flowering Plants"
"Delphinium bakeri","Baker's larkspur","Wherever found","8","Endangered","Flowering Plants"
"Abutilon menziesii","Ko`oloa`ula","Wherever found","1","Endangered","Flowering Plants"
"Carex specuicola","Navajo sedge","Wherever found","2","Threatened","Flowering Plants"
"Viola kauaiensis var. wahiawaensis","Nani wai`ale`ale","Wherever found","1","Endangered","Flowering Plants"
"Echinocereus viridiflorus var. davisii","Davis' green pitaya","Wherever found","2","Endangered","Flowering Plants"
"Hesperomannia arbuscula","No common name","Wherever found","1","Endangered","Flowering Plants"
"Hibiscadelphus hualalaiensis","Hau kuahiwi","Wherever found","1","Endangered","Flowering Plants"
"Buxus vahlii","Vahl's boxwood","Wherever found","4","Endangered","Flowering Plants"
"Rhynchospora knieskernii","Knieskern's Beaked-rush","Wherever found","5","Threatened","Flowering Plants"
"Cyanea asarifolia","Haha","Wherever found","1","Endangered","Flowering Plants"
"Lepidium barnebyanum","Barneby ridge-cress","Wherever found","6","Endangered","Flowering Plants"
"Melicope christophersenii","Alani","Wherever found","1","Endangered","Flowering Plants"
"Physaria filiformis","Missouri bladderpod","Wherever found","3","Threatened","Flowering Plants"
"Thalictrum cooleyi","Cooley's meadowrue","Wherever found","4","Endangered","Flowering Plants"
"Schiedea obovata","No common name","Wherever found","1","Endangered","Flowering Plants"
"Physaria obcordata","Dudley Bluffs twinpod","Wherever found","6","Threatened","Flowering Plants"
"Cyanea calycina","Haha","Wherever found","1","Endangered","Flowering Plants"
"Sanicula purpurea","No common name","Wherever found","1","Endangered","Flowering Plants"
"Harperocallis flava","Harper's beauty","Wherever found","4","Endangered","Flowering Plants"
"Cyperus fauriei","No common name","Wherever found","1","Endangered","Flowering Plants"
"Callicarpa ampla","Capa rosa","Wherever found","4","Endangered","Flowering Plants"
"Schwalbea americana","American chaffseed","Wherever found","4","Endangered","Flowering Plants"
"Hibiscus arnottianus ssp. immaculatus","Koki`o ke`oke`o","Wherever found","1","Endangered","Flowering Plants"
"Polyscias gymnocarpa","`Ohe`ohe","Wherever found","1","Endangered","Flowering Plants"
"Arctostaphylos morroensis","Morro manzanita","Wherever found","8","Threatened","Flowering Plants"
"Taraxacum californicum","California taraxacum","Wherever found","8","Endangered","Flowering Plants"
"Phacelia submutica","DeBeque phacelia","Wherever found","6","Threatened","Flowering Plants"
"Portulaca sclerocarpa","Po`e","Wherever found","1","Endangered","Flowering Plants"
"Melicope zahlbruckneri","Alani","Wherever found","1","Endangered","Flowering Plants"
"Clermontia drepanomorpha","`Oha wai","Wherever found","1","Endangered","Flowering Plants"
"Remya montgomeryi","No common name","Wherever found","1","Endangered","Flowering Plants"
"Rorippa gambellii","Gambel's watercress","Wherever found","8","Endangered","Flowering Plants"
"Baccharis vanessae","Encinitas baccharis","Wherever found","8","Threatened","Flowering Plants"
"Cyperus pennatiformis","No common name","Wherever found","1","Endangered","Flowering Plants"
"Cyanea lobata","Haha","Wherever found","1","Endangered","Flowering Plants"
"Aeschynomene virginica","Sensitive joint-vetch","Wherever found","5","Threatened","Flowering Plants"
"Cenchrus agrimonioides","Kamanomano","Wherever found","1","Endangered","Flowering Plants"
"Chamaesyce deltoidea ssp. deltoidea","Deltoid spurge","Wherever found","4","Endangered","Flowering Plants"
"Ambrosia cheiranthifolia","South Texas ambrosia","Wherever found","2","Endangered","Flowering Plants"
"Hesperolinon congestum","Marin dwarf-flax","Wherever found","8","Threatened","Flowering Plants"
"Fremontodendron mexicanum","Mexican flannelbush","Wherever found","8","Endangered","Flowering Plants"
"Hibiscus dasycalyx","Neches River rose-mallow","Wherever found","2","Threatened","Flowering Plants"
"Mitracarpus polycladus","No common name","Wherever found","4","Endangered","Flowering Plants"
"Cyrtandra polyantha","Ha`iwale","Wherever found","1","Endangered","Flowering Plants"
"Purshia (=Cowania) subintegra","Arizona Cliffrose","Wherever found","2","Endangered","Flowering Plants"
"Eriogonum apricum (incl. var. prostratum)","Ione (incl. Irish Hill) buckwheat","Wherever found","8","Endangered","Flowering Plants"
"Phyllostegia hispida","No common name","Wherever found","1","Endangered","Flowering Plants"
"Dubautia kalalauensis","Naenae","Wherever found","1","Endangered","Flowering Plants"
"Sanicula mariversa","No common name","Wherever found","1","Endangered","Flowering Plants"
"Schiedea spergulina var. spergulina","No common name","Wherever found","1","Threatened","Flowering Plants"
"Limnanthes floccosa ssp. californica","Butte County meadowfoam","Wherever found","8","Endangered","Flowering Plants"
"Festuca ligulata","Guadalupe fescue","Wherever found","2","Endangered","Flowering Plants"
"Astrophytum asterias","Star cactus","Wherever found","2","Endangered","Flowering Plants"
"Lysimachia pendens","No common name","Wherever found","1","Endangered","Flowering Plants"
"Hedyotis purpurea var. montana","Roan Mountain bluet","Wherever found","4","Endangered","Flowering Plants"
"Geranium hillebrandii","Nohoanu","Wherever found","1","Endangered","Flowering Plants"
"Silene alexandri","No common name","Wherever found","1","Endangered","Flowering Plants"
"Chamaesyce deltoidea pinetorum","Pineland sandmat","Wherever found","4","Threatened","Flowering Plants"
"Myrsine knudsenii","Kolea","Wherever found","1","Endangered","Flowering Plants"
"Asplenium diellaciniatum","No common name","Wherever found","1","Endangered","Ferns and Allies"
"Chamaecrista lineata keyensis","Big Pine partridge pea","Wherever found","4","Endangered","Flowering Plants"
"Eugenia koolauensis","Nioi","Wherever found","1","Endangered","Flowering Plants"
"Cyrtandra ferripilosa","haiwale","Wherever found","1","Endangered","Flowering Plants"
"Sclerocactus wrightiae","Wright fishhook cactus","Wherever found","6","Endangered","Flowering Plants"
"Phyllostegia bracteata","No common name","Wherever found","1","Endangered","Flowering Plants"
"Thymophylla tephroleuca","Ashy dogweed","Wherever found","2","Endangered","Flowering Plants"
"Pentachaeta lyonii","Lyon's pentachaeta","Wherever found","8","Endangered","Flowering Plants"
"Gilia tenuiflora ssp. hoffmannii","Hoffmann's slender-flowered gilia","Wherever found","8","Endangered","Flowering Plants"
"Neostapfia colusana","Colusa grass","Wherever found","8","Threatened","Flowering Plants"
"Sicyos macrophyllus","`Anunu","Wherever found","1","Endangered","Flowering Plants"
"Melicope reflexa","Alani","Wherever found","1","Endangered","Flowering Plants"
"Eryngium aristulatum var. parishii","San Diego button-celery","Wherever found","8","Endangered","Flowering Plants"
"Helianthus paradoxus","Pecos (=puzzle, =paradox) sunflower","Wherever found","2","Threatened","Flowering Plants"
"Rhododendron chapmanii","Chapman rhododendron","Wherever found","4","Endangered","Flowering Plants"
"Parvisedum leiocarpum","Lake County stonecrop","Wherever found","8","Endangered","Flowering Plants"
"Ochrosia kilaueaensis","Holei","Wherever found","1","Endangered","Flowering Plants"
"Prunus geniculata","Scrub plum","Wherever found","4","Endangered","Flowering Plants"
"Lysimachia filifolia","No common name","Wherever found","1","Endangered","Flowering Plants"
"Cyanea superba","Haha","Wherever found","1","Endangered","Flowering Plants"
"Helianthus schweinitzii","Schweinitz's sunflower","Wherever found","4","Endangered","Flowering Plants"
"Eriogonum gypsophilum","Gypsum wild-buckwheat","Wherever found","2","Threatened","Flowering Plants"
"Cyanea truncata","Haha","Wherever found","1","Endangered","Flowering Plants"
"Arabis macdonaldiana","McDonald's rock-cress","Wherever found","8","Endangered","Flowering Plants"
"Melicope puberula","Alani","Wherever found","1","Endangered","Flowering Plants"
"Pleomele fernaldii","Hala pepe","Wherever found","1","Endangered","Flowering Plants"
"Deparia kaalaana","No common name","Wherever found","1","Endangered","Ferns and Allies"
"Tetramolopium arenarium","No common name","Wherever found","1","Endangered","Flowering Plants"
"Abronia macrocarpa","Large-fruited sand-verbena","Wherever found","2","Endangered","Flowering Plants"
"Malacothamnus fasciculatus var. nesioticus","Santa Cruz Island bush-mallow","Wherever found","8","Endangered","Flowering Plants"
"Poa atropurpurea","San Bernardino bluegrass","Wherever found","8","Endangered","Flowering Plants"
"Hibiscus brackenridgei","(=Native yellow hibiscus) ma`o hau hele","Wherever found","1","Endangered","Flowering Plants"
"Spiraea virginiana","Virginia spiraea","Wherever found","5","Threatened","Flowering Plants"
"Doryopteris angelica","No common name","Wherever found","1","Endangered","Ferns and Allies"
"Kadua coriacea","Kio`ele","Wherever found","1","Endangered","Flowering Plants"
"Lesquerella tumulosa","Kodachrome bladderpod","Wherever found","6","Endangered","Flowering Plants"
"Sclerocactus mesae-verdae","Mesa Verde cactus","Wherever found","2","Threatened","Flowering Plants"
"Yermo xanthocephalus","Desert yellowhead","Wherever found","6","Threatened","Flowering Plants"
"Sclerocactus brevispinus","Pariette cactus","Wherever found","6","Threatened","Flowering Plants"
"Cyperus neokunthianus","No common name","Wherever found","1","Endangered","Flowering Plants"
"Polygonella myriophylla","Sandlace","Wherever found","4","Endangered","Flowering Plants"
"Delissea subcordata","Oha","Wherever found","1","Endangered","Flowering Plants"
"Psychotria hobdyi","Kopiko","Wherever found","1","Endangered","Flowering Plants"
"Crotalaria avonensis","Avon Park harebells","Wherever found","4","Endangered","Flowering Plants"
"Euphorbia eleanoriae","`Akoko","Wherever found","1","Endangered","Flowering Plants"
"Pleomele forbesii","Hala pepe","Wherever found","1","Endangered","Flowering Plants"
"Geocarpon minimum","No common name","Wherever found","4","Threatened","Flowering Plants"
"Cereus eriophorus var. fragrans","Fragrant prickly-apple","Wherever found","4","Endangered","Flowering Plants"
"Silene polypetala","Fringed campion","Wherever found","4","Endangered","Flowering Plants"
"Pteris lidgatei","No common name","Wherever found","1","Endangered","Ferns and Allies"
"Astragalus albens","Cushenbury milk-vetch","Wherever found","8","Endangered","Flowering Plants"
"Labordia lorenciana","No common name","Wherever found","1","Endangered","Flowering Plants"
"Cyanea mceldowneyi","Haha","Wherever found","1","Endangered","Flowering Plants"
"Eugenia woodburyana","No common name","Wherever found","4","Endangered","Flowering Plants"
"Cyanea rivularis","Haha","Wherever found","1","Endangered","Flowering Plants"
"Huperzia stemmermanniae","No common name","Wherever found","1","Endangered","Ferns and Allies"
"Eriogonum longifolium var. gnaphalifolium","Scrub buckwheat","Wherever found","4","Threatened","Flowering Plants"
"Tinospora homosepala","No common name","Wherever found","1","Endangered","Flowering Plants"
"Asimina tetramera","Four-petal pawpaw","Wherever found","4","Endangered","Flowering Plants"
"Phacelia insularis ssp. insularis","Island phacelia","Wherever found","8","Endangered","Flowering Plants"
"Cryptantha crassipes","Terlingua Creek cat's-eye","Wherever found","2","Endangered","Flowering Plants"
"Harrisia (=Cereus) aboriginum (=gracilis)","Aboriginal Prickly-apple","Wherever found","4","Endangered","Flowering Plants"
"Lobelia koolauensis","No common name","Wherever found","1","Endangered","Flowering Plants"
"Hesperomannia lydgatei","No common name","Wherever found","1","Endangered","Flowering Plants"
"Cupressus goveniana ssp. goveniana","Gowen cypress","Wherever found","8","Threatened","Conifers and Cycads"
"Isodendrion hosakae","Aupaka","Wherever found","1","Endangered","Flowering Plants"
"Gardenia mannii","Nanu","Wherever found","1","Endangered","Flowering Plants"
"Berberis pinnata ssp. insularis","Island Barberry","Wherever found","8","Endangered","Flowering Plants"
"Schiedea kauaiensis","No common name","Wherever found","1","Endangered","Flowering Plants"
"Panicum fauriei var. carteri","Carter's panicgrass","Wherever found","1","Endangered","Flowering Plants"
"Tuctoria greenei","Greene's tuctoria","Wherever found","8","Endangered","Flowering Plants"
"Dudleya setchellii","Santa Clara Valley dudleya","Wherever found","8","Endangered","Flowering Plants"
"Cyanea kauaulaensis","No common name","Wherever found","1","Endangered","Flowering Plants"
"Cyanea recta","Haha","Wherever found","1","Threatened","Flowering Plants"
"Dicerandra frutescens","Scrub mint","Wherever found","4","Endangered","Flowering Plants"
"Bidens micrantha ssp. ctenophylla","Ko`oko`olau","Wherever found","1","Endangered","Flowering Plants"
"Phyllostegia velutina","No common name","Wherever found","1","Endangered","Flowering Plants"
"Cyanea kuhihewa","Haha","Wherever found","1","Endangered","Flowering Plants"
"Marsilea villosa","Ihi`ihi","Wherever found","1","Endangered","Ferns and Allies"
"Coryphantha sneedii var. sneedii","Sneed pincushion cactus","Wherever found","2","Endangered","Flowering Plants"
"Gilia tenuiflora ssp. arenaria","Monterey gilia","Wherever found","8","Endangered","Flowering Plants"
"Iris lacustris","Dwarf lake iris","Wherever found","3","Threatened","Flowering Plants"
"Schiedea salicaria","No common name","Wherever found","1","Endangered","Flowering Plants"
"Kokia kauaiensis","Koki`o","Wherever found","1","Endangered","Flowering Plants"
"Eriogonum ovalifolium var. vineum","Cushenbury buckwheat","Wherever found","8","Endangered","Flowering Plants"
"Torreya taxifolia","Florida torreya","Wherever found","4","Endangered","Conifers and Cycads"
"Eremalche kernensis","Kern mallow","Wherever found","8","Endangered","Flowering Plants"
"Ctenitis squamigera","Pauoa","Wherever found","1","Endangered","Ferns and Allies"
"Canavalia molokaiensis","`Awikiwiki","Wherever found","1","Endangered","Flowering Plants"
"Kadua haupuensis","No common name","Wherever found","1","Endangered","Flowering Plants"
"Cyanea hamatiflora ssp. hamatiflora","Haha","Wherever found","1","Endangered","Flowering Plants"
"Lipochaeta fauriei","Nehe","Wherever found","1","Endangered","Flowering Plants"
"Dodecahema leptoceras","Slender-horned spineflower","Wherever found","8","Endangered","Flowering Plants"
"Hymenoxys texana","Texas prairie dawn-flower","Wherever found","2","Endangered","Flowering Plants"
"Astragalus tricarinatus","Triple-ribbed milk-vetch","Wherever found","8","Endangered","Flowering Plants"
"Hedyotis megalantha","Paudedo","Wherever found","1","Endangered","Flowering Plants"
"Pediocactus winkleri","Winkler cactus","Wherever found","6","Threatened","Flowering Plants"
"Cyrtandra giffardii","Ha`iwale","Wherever found","1","Endangered","Flowering Plants"
"Warea carteri","Carter's mustard","Wherever found","4","Endangered","Flowering Plants"
"Penstemon haydenii","Blowout penstemon","Wherever found","6","Endangered","Flowering Plants"
"Melicope paniculata","Alani","Wherever found","1","Endangered","Flowering Plants"
"Apios priceana","Prices potato-bean","","4","Threatened","Flowering Plants"
"Solidago shortii","Short's goldenrod","Wherever found","4","Endangered","Flowering Plants"
"Brodiaea pallida","Chinese Camp brodiaea","Wherever found","8","Threatened","Flowering Plants"
"Paronychia chartacea","Papery whitlow-wort","Wherever found","4","Threatened","Flowering Plants"
"Arctostaphylos glandulosa ssp. crassifolia","Del Mar manzanita","Wherever found","8","Endangered","Flowering Plants"
"Allium munzii","Munz's onion","Wherever found","8","Endangered","Flowering Plants"
"Silene spaldingii","Spalding's Catchfly","Wherever found","1","Threatened","Flowering Plants"
"Dicerandra cornutissima","Longspurred mint","Wherever found","4","Endangered","Flowering Plants"
"Dudleya stolonifera","Laguna Beach liveforever","Wherever found","8","Threatened","Flowering Plants"
"Cyanea eleeleensis","Haha","Wherever found","1","Endangered","Flowering Plants"
"Cyrtandra oxybapha","Ha`iwale","Wherever found","1","Endangered","Flowering Plants"
"Thelypteris inabonensis","No common name","Wherever found","4","Endangered","Ferns and Allies"
"Pediocactus peeblesianus fickeiseniae","Fickeisen plains cactus","Wherever found","2","Endangered","Flowering Plants"
"Limnanthes pumila ssp. grandiflora","Large-flowered woolly meadowfoam","Wherever found","1","Endangered","Flowering Plants"
"Cirsium fontinale var. fontinale","Fountain thistle","Wherever found","8","Endangered","Flowering Plants"
"Thysanocarpus conchuliferus","Santa Cruz Island fringepod","Wherever found","8","Endangered","Flowering Plants"
"Clermontia samuelii","`Oha wai","Wherever found","1","Endangered","Flowering Plants"
"Orcuttia viscida","Sacramento Orcutt grass","Wherever found","8","Endangered","Flowering Plants"
"Tetramolopium lepidotum ssp. lepidotum","No common name","Wherever found","1","Endangered","Flowering Plants"
"Centaurium namophilum","Spring-loving centaury","Wherever found","8","Threatened","Flowering Plants"
"Malacothrix squalida","Island malacothrix","Wherever found","8","Endangered","Flowering Plants"
"Dubautia plantaginea ssp. humilis","Na`ena`e","Wherever found","1","Endangered","Flowering Plants"
"Navarretia leucocephala ssp. pauciflora (=N. pauciflora)","Few-flowered navarretia","Wherever found","8","Endangered","Flowering Plants"
"Cyrtandra nanawaleensis","haiwale","Wherever found","1","Endangered","Flowering Plants"
"Polygonella basiramia","Wireweed","Wherever found","4","Endangered","Flowering Plants"
"Astragalus pycnostachyus var. lanosissimus","Ventura Marsh Milk-vetch","Wherever found","8","Endangered","Flowering Plants"
"Labordia triflora","Kamakahala","Wherever found","1","Endangered","Flowering Plants"
"Solanum guamense","Berenghenas halomtano","Wherever found","1","Endangered","Flowering Plants"
"Phyllostegia pilosa","No common name","Wherever found","1","Endangered","Flowering Plants"
"Trematolobelia singularis","No common name","Wherever found","1","Endangered","Flowering Plants"
"Ilex sintenisii","No common name","Wherever found","4","Endangered","Flowering Plants"
"Chorizanthe pungens var. hartwegiana","Ben Lomond spineflower","Wherever found","8","Endangered","Flowering Plants"
"Pseudobahia bahiifolia","Hartweg's golden sunburst","Wherever found","8","Endangered","Flowering Plants"
"Gardenia brighamii","Hawaiian gardenia (=Na`u)","Wherever found","1","Endangered","Flowering Plants"
"Pseudognaphalium sandwicensium var. molokaiense","`Ena`ena","Wherever found","1","Endangered","Flowering Plants"
"Lindera melissifolia","Pondberry","Wherever found","4","Endangered","Flowering Plants"
"Cyanea copelandii ssp. haleakalaensis","Haha","Wherever found","1","Endangered","Flowering Plants"
"Stenogyne angustifolia var. angustifolia","No common name","Wherever found","1","Endangered","Flowering Plants"
"Solidago spithamaea","Blue Ridge goldenrod","Wherever found","4","Threatened","Flowering Plants"
"Physaria globosa","Short's bladderpod","Wherever found","4","Endangered","Flowering Plants"
"Astragalus lentiginosus var. coachellae","Coachella Valley milk-vetch","Wherever found","8","Endangered","Flowering Plants"
"Hibiscadelphus giffardianus","Hau kuahiwi","Wherever found","1","Endangered","Flowering Plants"
"Xylosma crenatum","No common name","Wherever found","1","Endangered","Flowering Plants"
"Diplazium molokaiense","No common name","Wherever found","1","Endangered","Ferns and Allies"
"Ranunculus hawaiensis","Makou","Wherever found","1","Endangered","Flowering Plants"
"Cyrtandra gracilis","Haiwale","Wherever found","1","Endangered","Flowering Plants"
"Argyroxiphium sandwicense ssp. macrocephalum","`Ahinahina","Wherever found","1","Threatened","Flowering Plants"
"Kadua fluviatilis","Kamapua`a","Wherever found","1","Endangered","Flowering Plants"
"Cyrtandra limahuliensis","Ha`iwale","Wherever found","1","Threatened","Flowering Plants"
"Clarkia imbricata","Vine Hill clarkia","Wherever found","8","Endangered","Flowering Plants"
"Kanaloa kahoolawensis","Kohe malama malama o kanaloa","Wherever found","1","Endangered","Flowering Plants"
"Lupinus sulphureus ssp. kincaidii","Kincaid's Lupine","Wherever found","1","Threatened","Flowering Plants"
"Warea amplexifolia","Wide-leaf warea","Wherever found","4","Endangered","Flowering Plants"
"Arctostaphylos hookeri var. ravenii","Presidio Manzanita","Wherever found","8","Endangered","Flowering Plants"
"Phyllostegia glabra var. lanaiensis","No common name","Wherever found","1","Endangered","Flowering Plants"
"Nothocestrum latifolium","`Aiea","Wherever found","1","Endangered","Flowering Plants"
"Plantago hawaiensis","Kuahiwi laukahi","Wherever found","1","Endangered","Flowering Plants"
"Pittosporum napaliense","Ho`awa","Wherever found","1","Endangered","Flowering Plants"
"Styrax portoricensis","Palo de jazmin","Wherever found","4","Endangered","Flowering Plants"
"Euphorbia celastroides var. kaenana","`Akoko","Wherever found","1","Endangered","Flowering Plants"
"Sarracenia rubra ssp. jonesii","Mountain sweet pitcher-plant","Wherever found","4","Endangered","Flowering Plants"
"Chorizanthe robusta var. hartwegii","Scotts Valley spineflower","Wherever found","8","Endangered","Flowering Plants"
"Dendrobium guamense","No common name","Wherever found","1","Threatened","Flowering Plants"
"Astragalus applegatei","Applegate's milk-vetch","Wherever found","8","Endangered","Flowering Plants"
"Asplenium dielfalcatum","No common name","Wherever found","1","Endangered","Ferns and Allies"
"Mitracarpus maxwelliae","No common name","Wherever found","4","Endangered","Flowering Plants"
"Lobelia niihauensis","No common name","Wherever found","1","Endangered","Flowering Plants"
"Cirsium fontinale var. obispoense","Chorro Creek bog thistle","Wherever found","8","Endangered","Flowering Plants"
"Cyrtandra oenobarba","Ha`iwale","Wherever found","1","Endangered","Flowering Plants"
"Polygala lewtonii","Lewton's polygala","Wherever found","4","Endangered","Flowering Plants"
"Coryphantha ramillosa","Bunched cory cactus","Wherever found","2","Threatened","Flowering Plants"
"Myrsine juddii","Kolea","Wherever found","1","Endangered","Flowering Plants"
"Bidens wiebkei","Ko`oko`olau","Wherever found","1","Endangered","Flowering Plants"
"Cyanea grimesiana ssp. obatae","Haha","Wherever found","1","Endangered","Flowering Plants"
"Asclepias welshii","Welsh's milkweed","Wherever found","6","Threatened","Flowering Plants"
"Lyonia truncata var. proctorii","No common name","Wherever found","4","Endangered","Flowering Plants"
"Betula uber","Virginia round-leaf birch","Wherever found","5","Threatened","Flowering Plants"
"Melicope haupuensis","Alani","Wherever found","1","Endangered","Flowering Plants"
"Gonocalyx concolor","No common name","Wherever found","4","Endangered","Flowering Plants"
"Cyanea duvalliorum","haha","Wherever found","1","Endangered","Flowering Plants"
"Gardenia remyi","Nanu","Wherever found","1","Endangered","Flowering Plants"
"Chlorogalum purpureum","Purple amole","Wherever found","8","Threatened","Flowering Plants"
"Coryphantha robbinsorum","Cochise pincushion cactus","Wherever found","2","Threatened","Flowering Plants"
"Hackelia venusta","Showy stickseed","Wherever found","1","Endangered","Flowering Plants"
"Melicope degeneri","Alani","Wherever found","1","Endangered","Flowering Plants"
"Achyranthes mutica","No common name","Wherever found","1","Endangered","Flowering Plants"
"Schiedea verticillata","No common name","Wherever found","1","Endangered","Flowering Plants"
"Lepidium arbuscula","`Anaunau","Wherever found","1","Endangered","Flowering Plants"
"Lesquerella pallida","White bladderpod","Wherever found","2","Endangered","Flowering Plants"
"Lupinus aridorum","Scrub lupine","Wherever found","4","Endangered","Flowering Plants"
"Trifolium amoenum","Showy Indian clover","Wherever found","8","Endangered","Flowering Plants"
"Echinomastus erectocentrus var. acunensis","Acuna Cactus","Wherever found","2","Endangered","Flowering Plants"
"Dudleya traskiae","Santa Barbara Island liveforever","Wherever found","8","Endangered","Flowering Plants"
"Cyrtandra munroi","Ha`iwale","Wherever found","1","Endangered","Flowering Plants"
"Astelia waialealae","Pa`iniu","Wherever found","1","Endangered","Flowering Plants"
"Acmispon dendroideus var. traskiae","San Clemente Island lotus (=broom)","Wherever found","8","Threatened","Flowering Plants"
"Platanthera leucophaea","Eastern prairie fringed orchid","Wherever found","3","Threatened","Flowering Plants"
"Sidalcea nelsoniana","Nelson's checker-mallow","Wherever found","1","Threatened","Flowering Plants"
"Cyanea obtusa","Haha","Wherever found","1","Endangered","Flowering Plants"
"Chorizanthe pungens var. pungens","Monterey spineflower","Wherever found","8","Threatened","Flowering Plants"
"Astragalus humillimus","Mancos milk-vetch","Wherever found","2","Endangered","Flowering Plants"
"<a target="_blank" ref="noopener noreferrer" href="/ecp/species/3607">Pediocactus (=Echinocactus=Utahia) sileri</a","Siler pincushion cactus","Wherever found","2","Threatened","Flowering Plants"
"Cyanea pinnatifida","Haha","Wherever found","1","Endangered","Flowering Plants"
"Lepidium orbiculare","No common name","Wherever found","1","Endangered","Flowering Plants"
"Astragalus montii","Heliotrope milk-vetch","Wherever found","6","Threatened","Flowering Plants"
"Ipomopsis polyantha","Pagosa skyrocket","Wherever found","6","Endangered","Flowering Plants"
"Eryngium constancei","Loch Lomond coyote thistle","Wherever found","8","Endangered","Flowering Plants"
"Labordia lydgatei","Kamakahala","Wherever found","1","Endangered","Flowering Plants"
"Penstemon debilis","Parachute beardtongue","Wherever found","6","Threatened","Flowering Plants"
"Primula maguirei","Maguire primrose","Wherever found","6","Threatened","Flowering Plants"
"Cyanea copelandii ssp. copelandii","Haha","Wherever found","1","Endangered","Flowering Plants"
"Conradina brevifolia","Short-leaved rosemary","Wherever found","4","Endangered","Flowering Plants"
"Ilex cookii","Cook's holly","Wherever found","4","Endangered","Flowering Plants"
"Sagittaria secundifolia","Kral's water-plantain","Wherever found","4","Threatened","Flowering Plants"
"Polygonum hickmanii","Scotts Valley Polygonum","Wherever found","8","Endangered","Flowering Plants"
"Doryopteris takeuchii","No common name","Wherever found","1","Endangered","Ferns and Allies"
"Adiantum vivesii","No common name","Wherever found","4","Endangered","Ferns and Allies"
"Platanthera integrilabia","White fringeless orchid","","4","Threatened","Flowering Plants"
"Tectaria estremerana","No common name","Wherever found","4","Endangered","Ferns and Allies"
"Lipochaeta lobata var. leptophylla","Nehe","Wherever found","1","Endangered","Flowering Plants"
"Cyanea profuga","Haha","Wherever found","1","Endangered","Flowering Plants"
"Graptopetalum bartramii","Bartram stonecrop","Wherever found","2","Threatened","Flowering Plants"
"Schiedea lydgatei","No common name","Wherever found","1","Endangered","Flowering Plants"
"Verbesina dissita","Big-leaved crownbeard","Wherever found","8","Threatened","Flowering Plants"
"Kadua parvula","No common name","Wherever found","1","Endangered","Flowering Plants"
"Cyanea tritomantha","`aku","Wherever found","1","Endangered","Flowering Plants"
"Dryopteris crinalis var. podosorus","Palapalai aumakua","Wherever found","1","Endangered","Ferns and Allies"
"Phyllostegia warshaueri","No common name","Wherever found","1","Endangered","Flowering Plants"
"Arabis perstellata","Braun's rock-cress","Wherever found","4","Endangered","Flowering Plants"
"Liatris ohlingerae","Scrub blazingstar","Wherever found","4","Endangered","Flowering Plants"
"Orcuttia pilosa","Hairy Orcutt grass","Wherever found","8","Endangered","Flowering Plants"
"Erysimum capitatum var. angustatum","Contra Costa wallflower","Wherever found","8","Endangered","Flowering Plants"
"Eriogonum codium","Umtanum desert buckwheat","Wherever found","1","Threatened","Flowering Plants"
"Schenkia sebaeoides","Awiwi","Wherever found","1","Endangered","Flowering Plants"
"Schiedea trinervis","No common name","Wherever found","1","Endangered","Flowering Plants"
"Cyrtandra filipes","Ha`iwale","Wherever found","1","Endangered","Flowering Plants"
"Lesquerella lyrata","Lyrate bladderpod","Wherever found","4","Threatened","Flowering Plants"
"Tuctoria mucronata","Solano grass","Wherever found","8","Endangered","Flowering Plants"
"Platanthera holochila","No common name","Wherever found","1","Endangered","Flowering Plants"
"Schiedea kaalae","No common name","Wherever found","1","Endangered","Flowering Plants"
"Cyanea asplenifolia","Haha","Wherever found","1","Endangered","Flowering Plants"
"Eriogonum ovalifolium var. williamsiae","Steamboat buckwheat","Wherever found","8","Endangered","Flowering Plants"
"Astragalus ampullarioides","Shivwits milk-vetch","Wherever found","6","Endangered","Flowering Plants"
"Crescentia portoricensis","Higuero de sierra","Wherever found","4","Endangered","Flowering Plants"
"Asplenium unisorum","No common name","Wherever found","1","Endangered","Ferns and Allies"
"Phyllanthus saffordii","No common name","Wherever found","1","Endangered","Flowering Plants"
"Echinocereus reichenbachii var. albertii","Black lace cactus","Wherever found","2","Endangered","Flowering Plants"
"Cyanea kunthiana","Haha","Wherever found","1","Endangered","Flowering Plants"
"Clarkia franciscana","Presidio clarkia","Wherever found","8","Endangered","Flowering Plants"
"Phyllostegia floribunda","No common name","Wherever found","1","Endangered","Flowering Plants"
"Phyllostegia mollis","No common name","Wherever found","1","Endangered","Flowering Plants"
"Boltonia decurrens","Decurrent false aster","Wherever found","3","Threatened","Flowering Plants"
"Labordia cyrtandrae","Kamakahala","Wherever found","1","Endangered","Flowering Plants"
"Geranium arboreum","Nohoanu","Wherever found","1","Endangered","Flowering Plants"
"Aconitum noveboracense","Northern wild monkshood","Wherever found","3","Threatened","Flowering Plants"
"Streptanthus albidus ssp. albidus","Metcalf Canyon jewelflower","Wherever found","8","Endangered","Flowering Plants"
"Canavalia pubescens","`Awikiwiki","Wherever found","1","Endangered","Flowering Plants"
"Isodendrion longifolium","Aupaka","Wherever found","1","Threatened","Flowering Plants"
"Clitoria fragrans","Pigeon wings","Wherever found","4","Threatened","Flowering Plants"
"Lomatium cookii","Cook's lomatium","Wherever found","1","Endangered","Flowering Plants"
"Pteralyxia kauaiensis","Kaulu","Wherever found","1","Endangered","Flowering Plants"
"Wilkesia hobdyi","Dwarf iliau","Wherever found","1","Endangered","Flowering Plants"
"Townsendia aprica","Last Chance townsendia","Wherever found","6","Threatened","Flowering Plants"
"Sibara filifolia","Santa Cruz Island rockcress","Wherever found","8","Endangered","Flowering Plants"
"Pritchardia napaliensis","loulu","Wherever found","1","Endangered","Flowering Plants"
"Hibiscadelphus woodii","Hau kuahiwi","Wherever found","1","Endangered","Flowering Plants"
"Kadua st.-johnii","No common name","Wherever found","1","Endangered","Flowering Plants"
"Schiedea membranacea","No common name","Wherever found","1","Endangered","Flowering Plants"
"Schiedea laui","No common name","Wherever found","1","Endangered","Flowering Plants"
"Conradina verticillata","Cumberland rosemary","Wherever found","4","Threatened","Flowering Plants"
"Streptanthus niger","Tiburon jewelflower","Wherever found","8","Endangered","Flowering Plants"
"Osmoxylon mariannense","No common name","Wherever found","1","Endangered","Flowering Plants"
"Cladonia perforata","Florida perforate cladonia","Wherever found","4","Endangered","Lichens"
"Dicerandra christmanii","Garrett's mint","Wherever found","4","Endangered","Flowering Plants"
"Lobelia oahuensis","No common name","Wherever found","1","Endangered","Flowering Plants"
"Chamaesyce hooveri","Hoover's spurge","Wherever found","8","Threatened","Flowering Plants"
"Digitaria pauciflora","Florida pineland crabgrass","Wherever found","4","Threatened","Flowering Plants"
"Stenogyne kaalae ssp. sherffii","No common name","Wherever found","1","Endangered","Flowering Plants"
"Conradina etonia","Etonia rosemary","Wherever found","4","Endangered","Flowering Plants"
"Styrax texanus","Texas snowbells","Wherever found","2","Endangered","Flowering Plants"
"Lysimachia asperulaefolia","Rough-leaved loosestrife","Wherever found","4","Endangered","Flowering Plants"
"Tetramolopium remyi","No common name","Wherever found","1","Endangered","Flowering Plants"
"Cordylanthus mollis ssp. mollis","Soft bird's-beak","Wherever found","8","Endangered","Flowering Plants"
"Cyrtandra dentata","Ha`iwale","Wherever found","1","Endangered","Flowering Plants"
"Bonamia menziesii","No common name","Wherever found","1","Endangered","Flowering Plants"
"Carex lutea","Golden sedge","Wherever found","4","Endangered","Flowering Plants"
"Coryphantha sneedii var. leei","Lee pincushion cactus","Wherever found","2","Threatened","Flowering Plants"
"Baptisia arachnifera","Hairy rattleweed","Wherever found","4","Endangered","Flowering Plants"
"Phyllostegia waimeae","No common name","Wherever found","1","Endangered","Flowering Plants"
"Phyllostegia stachyoides","No common name","Wherever found","1","Endangered","Flowering Plants"
"Goetzea elegans","Beautiful goetzea","Wherever found","4","Endangered","Flowering Plants"
"Ranunculus aestivalis (=acriformis)","Autumn Buttercup","Wherever found","6","Endangered","Flowering Plants"
"Asplenium dielpallidum","No common name","Wherever found","1","Endangered","Ferns and Allies"
"Eriodictyon altissimum","Indian Knob mountainbalm","Wherever found","8","Endangered","Flowering Plants"
"Plagiobothrys hirtus","rough popcornflower","Wherever found","1","Endangered","Flowering Plants"
"Schiedea haleakalensis","No common name","Wherever found","1","Endangered","Flowering Plants"
"Hypericum cumulicola","Highlands scrub hypericum","Wherever found","4","Endangered","Flowering Plants"
"Polygala smallii","Tiny polygala","Wherever found","4","Endangered","Flowering Plants"
"Cyanea lanceolata","Haha","Wherever found","1","Endangered","Flowering Plants"
"Eriophyllum latilobum","San Mateo woolly sunflower","Wherever found","8","Endangered","Flowering Plants"
"Santalum involutum","No common name","Wherever found","1","Endangered","Flowering Plants"
"Asplenium dielerectum","Asplenium-leaved diellia","Wherever found","1","Endangered","Ferns and Allies"
"Cycas micronesica","Fadang","Wherever found","1","Threatened","Conifers and Cycads"
"Layia carnosa","Beach layia","Wherever found","8","Endangered","Flowering Plants"
"Zanthoxylum dipetalum var. tomentosum","A`e","Wherever found","1","Endangered","Flowering Plants"
"Hexastylis naniflora","Dwarf-flowered heartleaf","Wherever found","4","Threatened","Flowering Plants"
"Myrsine vaccinioides","Kolea","Wherever found","1","Endangered","Flowering Plants"
"Bidens micrantha ssp. kalealaha","Ko`oko`olau","Wherever found","1","Endangered","Flowering Plants"
"Spiranthes delitescens","Canelo Hills ladies-tresses","Wherever found","2","Endangered","Flowering Plants"
"Asclepias meadii","Mead's milkweed","Wherever found","3","Threatened","Flowering Plants"
"Clermontia oblongifolia ssp. brevipes","`Oha wai","Wherever found","1","Endangered","Flowering Plants"
"Kadua degeneri","No common name","Wherever found","1","Endangered","Flowering Plants"
"Argyroxiphium sandwicense ssp. sandwicense","`Ahinahina","Wherever found","1","Endangered","Flowering Plants"
"Schiedea lychnoides","Kuawawaenohu","Wherever found","1","Endangered","Flowering Plants"
"Astragalus robbinsii var. jesupi","Jesup's milk-vetch","Wherever found","5","Endangered","Flowering Plants"
"Hibiscus clayi","Clay's hibiscus","Wherever found","1","Endangered","Flowering Plants"
"Geranium kauaiense","Nohoanu","Wherever found","1","Endangered","Flowering Plants"
"Pritchardia maideniana","loulu","Wherever found","1","Endangered","Flowering Plants"
"Cyanea kolekoleensis","Haha","Wherever found","1","Endangered","Flowering Plants"
"Solidago houghtonii","Houghton's goldenrod","Wherever found","3","Threatened","Flowering Plants"
"Swallenia alexandrae","Eureka Dune grass","","8","Threatened","Flowering Plants"
"Phyllostegia mannii","No common name","Wherever found","1","Endangered","Flowering Plants"
"Cyanea mannii","Haha","Wherever found","1","Endangered","Flowering Plants"
"Cyanea marksii","Haha","Wherever found","1","Endangered","Flowering Plants"
"Sagittaria fasciculata","Bunched arrowhead","Wherever found","4","Endangered","Flowering Plants"
"Phyllostegia brevidens","No common name","Wherever found","1","Endangered","Flowering Plants"
"Chamaecrista glandulosa var. mirabilis","No common name","Wherever found","4","Endangered","Flowering Plants"
"Spiranthes parksii","Navasota ladies-tresses","Wherever found","2","Endangered","Flowering Plants"
"Sarracenia rubra ssp. alabamensis","Alabama canebrake pitcher-plant","Wherever found","4","Endangered","Flowering Plants"
"Polystichum calderonense","No common name","Wherever found","4","Endangered","Ferns and Allies"
"Harrisia portoricensis","Higo Chumbo","Wherever found","4","Threatened","Flowering Plants"
"Ternstroemia luquillensis","Palo colorado","Wherever found","4","Endangered","Flowering Plants"
"Lysimachia maxima","No common name","Wherever found","1","Endangered","Flowering Plants"
"Nototrichium humile","Kulu`i","Wherever found","1","Endangered","Flowering Plants"
"Dudleya cymosa ssp. ovatifolia","Santa Monica Mountains dudleyea","Wherever found","8","Threatened","Flowering Plants"
"Haplostachys haplostachya","Honohono","Wherever found","1","Endangered","Flowering Plants"
"Hibiscadelphus distans","Kauai hau kuahiwi","Wherever found","1","Endangered","Flowering Plants"
"Poa mannii","Mann's bluegrass","Wherever found","1","Endangered","Flowering Plants"
"Lysimachia daphnoides","lehua makanoe","Wherever found","1","Endangered","Flowering Plants"
"Scirpus ancistrochaetus","Northeastern bulrush","","5","Endangered","Flowering Plants"
"Castilleja mollis","Soft-leaved paintbrush","Wherever found","8","Endangered","Flowering Plants"
"Cyanea remyi","Haha","Wherever found","1","Endangered","Flowering Plants"
"Viola lanaiensis","No common name","Wherever found","1","Endangered","Flowering Plants"
"Cyrtandra kaulantha","Ha`iwale","Wherever found","1","Endangered","Flowering Plants"
"Helonias bullata","Swamp pink","Wherever found","5","Threatened","Flowering Plants"
"Cyanea hamatiflora ssp. carlsonii","Haha","Wherever found","1","Endangered","Flowering Plants"
"Platydesma cornuta var. cornuta","No common name","Wherever found","1","Endangered","Flowering Plants"
"Pittosporum halophilum","Hoawa","Wherever found","1","Endangered","Flowering Plants"
"Brodiaea filifolia","Thread-leaved brodiaea","Wherever found","8","Threatened","Flowering Plants"
"Ottoschulzia rhodoxylon","Palo de rosa","Wherever found","4","Endangered","Flowering Plants"
"Nesogenes rotensis","No common name","Wherever found","1","Endangered","Flowering Plants"
"Galactia smallii","Small's milkpea","Wherever found","4","Endangered","Flowering Plants"
"Plantago princeps","Kuahiwi laukahi","Wherever found","1","Endangered","Flowering Plants"
"Lepidium papilliferum","Slickspot peppergrass","","1","Threatened","Flowering Plants"
"Cyanea platyphylla","`aku`aku","Wherever found","1","Endangered","Flowering Plants"
"Chionanthus pygmaeus","Pygmy fringe-tree","Wherever found","4","Endangered","Flowering Plants"
"Melicope quadrangularis","Alani","Wherever found","1","Endangered","Flowering Plants"
"Gouania vitifolia","No common name","Wherever found","1","Endangered","Flowering Plants"
"Huperzia nutans","Wawae`iole","Wherever found","1","Endangered","Ferns and Allies"
"Pedicularis furbishiae","Furbish lousewort","Wherever found","5","Endangered","Flowering Plants"
"Phyllostegia knudsenii","No common name","Wherever found","1","Endangered","Flowering Plants"
"Huperzia mannii","Wawae`iole","Wherever found","1","Endangered","Ferns and Allies"
"Melicope mucronulata","Alani","Wherever found","1","Endangered","Flowering Plants"
"Melicope adscendens","Alani","Wherever found","1","Endangered","Flowering Plants"
"Arctostaphylos myrtifolia","Ione manzanita","Wherever found","8","Threatened","Flowering Plants"
"Camissonia benitensis","San Benito evening-primrose","Wherever found","8","Threatened","Flowering Plants"
"Cyanea magnicalyx","haha","Wherever found","1","Endangered","Flowering Plants"
"Sclerocactus glaucus","Colorado hookless Cactus","Wherever found","6","Threatened","Flowering Plants"
"Schoenocrambe argillacea","Clay reed-mustard","Wherever found","6","Threatened","Flowering Plants"
"Phyllostegia renovans","No common name","Wherever found","1","Endangered","Flowering Plants"
"Panicum niihauense","Lau `ehu","Wherever found","1","Endangered","Flowering Plants"
"Cordia bellonis","No common name","Wherever found","4","Endangered","Flowering Plants"
"Schiedea stellarioides","Laulihilihi","Wherever found","1","Endangered","Flowering Plants"
"Castilleja campestris ssp. succulenta","Fleshy owl's-clover","Wherever found","8","Threatened","Flowering Plants"
"Heritiera longipetiolata","Ufa-halomtano","Wherever found","1","Endangered","Flowering Plants"
"Geum radiatum","Spreading avens","Wherever found","4","Endangered","Flowering Plants"
"Wikstroemia villosa","No common name","Wherever found","1","Endangered","Flowering Plants"
"Lespedeza leptostachya","Prairie bush-clover","Wherever found","3","Threatened","Flowering Plants"
"Cyrtandra tintinnabula","Ha`iwale","Wherever found","1","Endangered","Flowering Plants"
"Dubautia pauciflorula","Na`ena`e","Wherever found","1","Endangered","Flowering Plants"
"Colubrina oppositifolia","Kauila","Wherever found","1","Endangered","Flowering Plants"
"Melicope saint-johnii","Alani","Wherever found","1","Endangered","Flowering Plants"
"Cucurbita okeechobeensis ssp. okeechobeensis","Okeechobee gourd","Wherever found","4","Endangered","Flowering Plants"
"Arabis serotina","Shale barren rock cress","Wherever found","5","Endangered","Flowering Plants"
"Amphianthus pusillus","Little amphianthus","Wherever found","4","Threatened","Flowering Plants"
"Polyscias racemosa","No common name","Wherever found","1","Endangered","Flowering Plants"
"Bonamia grandiflora","Florida bonamia","Wherever found","4","Threatened","Flowering Plants"
"Lithophragma maximum","San Clemente Island woodland-star","Wherever found","8","Endangered","Flowering Plants"
"Erysimum menziesii","Menzies' wallflower","Wherever found","8","Endangered","Flowering Plants"
"Dalea carthagenensis floridana","Florida prairie-clover","Wherever found","4","Endangered","Flowering Plants"
"Packera franciscana","San Francisco Peaks ragwort","Wherever found","2","Threatened","Flowering Plants"
"Trillium persistens","Persistent trillium","Wherever found","4","Endangered","Flowering Plants"
"Pritchardia aylmer-robinsonii","loulu","Wherever found","1","Endangered","Flowering Plants"
"Festuca molokaiensis","No common name","Wherever found","1","Endangered","Flowering Plants"
"Psychotria grandiflora","Kopiko","Wherever found","1","Endangered","Flowering Plants"